project,bug_num,test_name,exception_bug,assertion_bug,exception_lbl,assertion_lbl,assert_err
A002_A_PyramidTechnologies-jPyramid-RS-232,5,com.pyramidacceptors.ptalk.api.Utilities_ESTest::test3,0,0,False,"assertEquals(""cgD=LaK?RKcFsknRE."", string0);",
A003_A_assuncaomarcos-servsim,5,me.marcosassuncao.servsim.job.WorkUnitEvent_ESTest::test0,0,0,True,,
A004_A_dhis2-dhis2-support-commons,5,org.hisp.dhis.commons.util.StreamUtils_ESTest::test07,0,0,False,"assertEquals("""", stringBuffer0.toString());",
A009_A_alipay-sofa-common-tools,5,com.alipay.sofa.common.utils.ResourceUtil_ESTest::test2,0,0,True,,
A010_A_Quickhull3d-quickhull3d,5,com.github.quickhull3d.Vector3d_ESTest::test19,0,0,False,"assertEquals(0.0, vector3d0.x, 0.01);",
A011_A_casmi-casmi,5,casmi.util.SystemUtil_ESTest::test3,0,0,False,"assertEquals(OS.WIN_64, systemUtil0.getOS());",
A014_A_assuncaomarcos-servsim,5,me.marcosassuncao.servsim.profile.SingleProfile_ESTest::test3,0,0,True,,
A015_A_contentful-contentful-management-java,5,com.contentful.java.cma.model.rich.CMARichText_ESTest::test6,0,0,False,assertNull(charSequence0);,
A016_A_albertoirurueta-irurueta-geometry,5,com.irurueta.geometry.Triangle2D_ESTest::test28,0,0,True,,
A019_A_BriteSnow-snow,5,com.britesnow.snow.util.FileUtil_ESTest::test17,0,0,True,,
A021_A_albertoirurueta-irurueta-geometry,5,com.irurueta.geometry.Rectangle_ESTest::test122,0,0,False,"assertEquals(CoordinatesType.HOMOGENEOUS_COORDINATES, homogeneousPoint2D0.getType());",
A023_A_assuncaomarcos-servsim,5,me.marcosassuncao.servsim.profile.PartProfile_ESTest::test10,0,0,True,,
A024_A_albertoirurueta-irurueta-geometry,5,com.irurueta.geometry.Polygon3D_ESTest::test13,0,0,False,"assertEquals(Double.NaN, double0, 0.01);",
A025_A_albertoirurueta-irurueta-geometry,5,com.irurueta.geometry.KDTree_ESTest::test36,0,0,False,"assertArrayEquals(new double[] {1.7976931348623157E308, 1.7976931348623157E308}, doubleArray0, 0.01);",
A027_A_Dschinghis-Kahn-objectstore,5,net.dschinghiskahn.objectstore.ObjectStore_ESTest::test1,0,0,True,,
A028_A_albertoirurueta-irurueta-navigation-indoor,5,com.irurueta.navigation.indoor.BeaconIdentifier_ESTest::test36,0,0,True,,
A029_A_bsc-dom-javaclay,5,es.bsc.dataclay.util.ProcessEnvironment_ESTest::test0,0,0,False,assertNull(processEnvironment0);,
A030_A_bekkopen-NoCommons,5,no.bekk.bekkopen.date.NorwegianDateUtil_ESTest::test0,0,0,False,"assertEquals(""Thu May 01 20:21:21 GMT 2014"", date0.toString());",
A031_A_bsc-dom-javaclay,5,es.bsc.dataclay.util.reflection.Reflector_ESTest::test32,0,0,False,"assertEquals(""O"", string0);",
A033_A_albertoirurueta-irurueta-geometry,5,com.irurueta.geometry.Polygon2D_ESTest::test14,0,0,True,,
A034_A_dhis2-dhis2-support-commons,5,org.hisp.dhis.commons.util.TextUtils_ESTest::test37,0,0,True,,
A041_A_axiastudio-zoefx-core,5,com.axiastudio.zoefx.core.IOC_ESTest::test1,0,0,True,,
A042_A_contentful-contentful-management-java,5,com.contentful.java.cma.model.CMAWebhookTransformation_ESTest::test3,0,0,False,assertNull(cMAWebhookTransformation1.getContentType());,
A043_A_chrlembeck-chrlembeck-util,5,de.chrlembeck.util.swing.components.StrokeChooserDialog_ESTest::test04,0,0,True,,
A044_A_contentful-contentful-management-java,5,com.contentful.java.cma.model.rich.CMARichEmbeddedLink_ESTest::test1,0,0,False,"assertEquals(""embedded-asset-inline"", string0);",
A046_A_bsc-dom-javaclay,5,es.bsc.dataclay.heap.DataClayIDFactory_ESTest::test11,0,0,True,,
A047_A_assuncaomarcos-servsim,5,me.marcosassuncao.servsim.server.DefaultResourcePool_ESTest::test0,0,0,True,,
A048_A_elo7-cassandra-migration,5,com.contrastsecurity.cassandra.migration.utils.Pair_ESTest::test1,0,0,False,assertNull(integer1);,
A049_A_bsc-dom-javaclay,5,es.bsc.dataclay.logic.classmgr.bytecode.pysrc.codeutils.LineFactory_ESTest::test1,0,0,False,"assertEquals(""def (self):\n"", string0);",
A051_A_assuncaomarcos-servsim,5,me.marcosassuncao.servsim.profile.ProfileEntry_ESTest::test1,0,0,False,assertTrue(boolean0);,
A052_A_contentful-contentful-management-java,5,com.contentful.java.cma.model.CMAUiExtensionParameter_ESTest::test5,0,0,False,assertNull(cMAUiExtensionParameter1.getType());,
A053_A_bsc-dom-javaclay,5,es.bsc.dataclay.util.events.EventTypeOuter_ESTest::test1,0,0,False,"assertEquals(EventTypeOuter.EventTypeEnum.PERSISTED_OBJ, eventTypeOuter_EventTypeEnum0);",
A054_A_chrlembeck-chrlembeck-util,5,de.chrlembeck.util.lang.StringUtils_ESTest::test10,0,0,False,"assertEquals(""0F"", string0);",
A055_A_assuncaomarcos-servsim,5,me.marcosassuncao.servsim.profile.TimeSlot_ESTest::test03,0,0,False,assertTrue(boolean0);,
A063_A_bsc-dom-javaclay,5,es.bsc.dataclay.util.JarUtils_ESTest::test1,0,0,False,"assertEquals(0, byteArray0.length);",
A064_A_contentful-contentful-management-java,5,com.contentful.java.cma.model.CMAEntry_ESTest::test02,0,0,True,,
A065_A_dhis2-dhis2-support-commons,5,org.hisp.dhis.commons.filter.FilterUtils_ESTest::test1,0,0,False,"assertSame(linkedList0, linkedList1);",
A067_A_3redronin-mu-server,5,io.muserver.rest.CORSConfigBuilder_ESTest::test07,0,0,True,,
A068_A_casmi-casmi,5,casmi.graphics.font.Font_ESTest::test12,0,0,False,"assertEquals(0.0, font0.getSize(), 0.01);",
A070_A_amazonwebservices-aws-elasticache-cluster-client-memcached-for-java,5,net.spy.memcached.tapmessage.RequestMessage_ESTest::test3,0,0,False,"assertEquals(""java.nio.HeapByteBuffer[pos=0 lim=59 cap=60]"", byteBuffer0.toString());",
A071_A_TakahikoKawasaki-nv-websocket-client,5,com.neovisionaries.ws.client.DeflateCompressor_ESTest::test0,0,0,False,"assertEquals(2, byteArray1.length);",
A072_A_elo7-cassandra-migration,5,com.contrastsecurity.cassandra.migration.utils.ObjectUtils_ESTest::test1,0,0,True,,
A073_A_bordertech-badger,5,com.github.bordertech.buildtools.Badger_ESTest::test3,0,0,True,,
A074_A_dhis2-dhis2-support-commons,5,org.hisp.dhis.commons.collection.CollectionUtils_ESTest::test00,0,0,True,,
A075_A_contentful-contentful-management-java,5,com.contentful.java.cma.model.RateLimits_ESTest::test05,0,0,True,,
A076_A_contentful-contentful-management-java,5,com.contentful.java.cma.model.CMAPersonalAccessToken_ESTest::test3,0,0,True,,
A077_A_chrlembeck-chrlembeck-util,5,de.chrlembeck.util.console.ConsoleTable_ESTest::test19,0,0,True,,
A078_A_3redronin-mu-server,5,io.muserver.WebSocketHandlerBuilder_ESTest::test1,0,0,True,,
A079_A_Claudenw-classpath-utils,5,org.xenei.classpathutils.Case_ESTest::test04,0,0,True,,
A080_A_dhis2-dhis2-support-commons,5,org.hisp.dhis.commons.collection.ListUtils_ESTest::test16,0,0,True,,
A082_A_contentful-contentful-management-java,5,com.contentful.java.cma.model.CMAUiExtension_ESTest::test5,0,0,False,"assertEquals(""CMAUiExtension { CMAResource { system = CMASystem { type = UiExtension } } extension = null }"", string0);",
A083_A_assuncaomarcos-servsim,5,me.marcosassuncao.servsim.server.ResourceUsage_ESTest::test1,0,0,False,"assertEquals(1240L, resourceUsage0.getTime());",
A084_A_albertoirurueta-irurueta-geometry,5,com.irurueta.geometry.VanGoghTriangulator2D_ESTest::test1,0,0,True,,
A086_A_LibrePDF-OpenRTF,5,com.lowagie.text.rtf.parser.exceptions.RtfParserException_ESTest::test3,0,0,False,"assertEquals("".RtfParserException: org.evosuite.runtime.mock.java.lang.MockThrowable"", string0);",
A087_A_edgar615-util,5,com.github.edgar615.util.concurrent.StripedLock_ESTest::test1,0,0,True,,
A088_A_dhh1128-jcircuit,5,co.codecraft.jcircuit.Circuit_ESTest::test28,0,0,False,assertTrue(boolean0);,
A091_A_albertoirurueta-irurueta-geometry,5,com.irurueta.geometry.VanGoghTriangulator3D_ESTest::test4,0,0,True,,
A094_A_echisan-wbp4j,5,com.github.echisan.wbp4j.utils.WbpUtils_ESTest::test3,0,0,False,"assertEquals(""https://ws0.sinaimg.cn/square/00000000000000000000000000000000.jpg"", string0);",
A096_A_contentful-contentful-management-java,5,com.contentful.java.cma.model.CMAEnvironment_ESTest::test2,0,0,True,,
A097_A_aegisql-ftry,5,com.aegisql.util.function.Result_ESTest::test09,0,0,True,,
A098_A_binfalse-XMLUtils,5,de.unirostock.sems.xmlutils.ds.TreeNodeComparatorBySubtreeSize_ESTest::test2,0,0,True,,
A099_A_edwardcapriolo-gossip,5,com.google.code.gossip.GossipSettings_ESTest::test2,0,0,False,"assertEquals(4662, gossipSettings0.getCleanupInterval());",
A101_A_albertoirurueta-irurueta-geometry,5,com.irurueta.geometry.Triangle3D_ESTest::test30,0,0,True,,
A104_A_aegisql-ftry,5,com.aegisql.util.function.EvalStatus_ESTest::test1,0,0,True,,
A105_A_abmargb-jamppa,5,org.jivesoftware.smack.util.collections.AbstractKeyValue_ESTest::test0,0,0,False,"assertEquals(""null=44"", string0);",
A106_A_WesleyOne-qy-weixin-robot-spring-boot-starter,5,io.github.wesleyone.qy.weixin.robot.common.QyWeixinRobotUtil_ESTest::test2,0,0,True,,
A107_A_Contrast-Security-OSS-cassandra-migration,5,com.contrastsecurity.cassandra.migration.utils.Pair_ESTest::test1,0,0,False,assertNull(integer1);,
A108_A_albertoirurueta-irurueta-geometry,5,com.irurueta.geometry.Utils_ESTest::test4,0,0,False,"assertEquals((-1901.2866776461628), double0, 0.01);",
A109_A_contentful-contentful-management-java,5,com.contentful.java.cma.model.CMAAsset_ESTest::test10,0,0,True,,
A110_A_XeroAPI-Xero-Java,5,com.xero.api.XeroRateLimitException_ESTest::test4,0,0,False,"assertEquals(0, xeroRateLimitException0.getStatusCode());",
A113_A_bsc-dom-javaclay,5,es.bsc.dataclay.api.CallbackEvent_ESTest::test10,0,0,False,assertNull(string0);,
A114_A_dhis2-dhis2-support-commons,5,org.hisp.dhis.commons.util.Encoder_ESTest::test1,0,0,True,,
A119_A_chengtengfei-okhttp3-fast-spring-boot-starter,5,com.github.chengtengfei.util.UUIDUtils_ESTest::test4,0,0,True,,
A120_A_contentful-contentful-management-java,5,com.contentful.java.cma.model.CMAEditorInterface_ESTest::test07,0,0,True,,
A121_A_assuncaomarcos-servsim,5,me.marcosassuncao.servsim.profile.SingleProfileEntry_ESTest::test6,0,0,True,,
A122_A_BriteSnow-snow,5,com.britesnow.snow.util.MapUtil_ESTest::test09,0,0,True,,
A124_A_contentful-contentful-java,5,com.contentful.java.cda.rich.CDARichHyperLink_ESTest::test0,0,0,False,assertNull(object1);,
A125_A_DiUS-java-faker,5,com.github.javafaker.service.FakerIDN_ESTest::test0,0,0,True,,
A126_A_contentful-contentful-management-java,5,com.contentful.java.cma.model.CMAContentType_ESTest::test03,0,0,True,,
A127_A_bsc-dom-javaclay,5,es.bsc.dataclay.tool.NewModelContract_ESTest::test1,0,0,True,,
A128_A_XeroAPI-Xero-Java,5,com.xero.api.XeroNotFoundException_ESTest::test1,0,0,False,"assertEquals(0, int0);",
A129_A_edgar615-util,5,com.github.edgar615.util.reflect.ObjectProxyBuilder_ESTest::test0,0,0,True,,
A130_A_assuncaomarcos-servsim,5,me.marcosassuncao.servsim.profile.ResourcePartition_ESTest::test2,0,0,False,"assertEquals((-2339), resourcePartition0.getPartitionId());",
A131_A_bsc-dom-javaclay,5,es.bsc.dataclay.logic.datasetmgr.DataSetManagerSQLStatements_ESTest::test0,0,0,False,assertNull(string0);,
A132_A_codelibs-ranklib,5,ciir.umass.edu.stats.RandomPermutationTest_ESTest::test0,0,0,False,"assertEquals(0.0, double1, 0.01);",
A133_A_assuncaomarcos-servsim,5,me.marcosassuncao.servsim.profile.PartProfileEntry_ESTest::test6,0,0,False,"assertEquals(""ProfileEntry={time=1962; gridlets=1; numPE=0; queue 1934={[]}}"", string0);",
A134_A_albertoirurueta-irurueta-geometry,5,com.irurueta.geometry.Box2D_ESTest::test2,0,0,True,,
A135_A_casmi-casmi,5,casmi.util.FileUtil_ESTest::test16,0,0,True,,
A137_A_chrlembeck-chrlembeck-util,5,de.chrlembeck.util.collections.CollectionsUtil_ESTest::test1,0,0,True,,
A138_A_amazonwebservices-aws-elasticache-cluster-client-memcached-for-java,5,net.spy.memcached.compat.SyncThread_ESTest::test1,0,0,True,,
A139_A_XeroAPI-Xero-Java,5,com.xero.api.XeroUnauthorizedException_ESTest::test1,0,0,False,"assertEquals(0, xeroUnauthorizedException0.getStatusCode());",
A140_A_contentful-contentful-management-java,5,com.contentful.java.cma.DefaultQueryParameter_ESTest::test1,0,0,False,assertFalse(map1.isEmpty());,
A141_A_BriteSnow-snow,5,com.britesnow.snow.util.CollectionUtil_ESTest::test1,0,0,False,"assertEquals((-1), int0);",
A142_A_abmargb-jamppa,5,org.jivesoftware.smack.util.collections.AbstractMapEntry_ESTest::test9,0,0,True,,
A143_A_edgar615-util,5,com.github.edgar615.util.base.HexUtils_ESTest::test2,0,0,False,"assertEquals(""D50"", string0);",
A144_A_bsc-dom-javaclay,5,es.bsc.dataclay.util.management.stubs.StubClassLoader_ESTest::test4,0,0,True,,
A146_A_ArcadiaConsulting-jboss-logging-gelf,5,me.moocar.logbackgelf.Zipper_ESTest::test0,0,0,True,,
A147_A_bsc-dom-javaclay,5,es.bsc.dataclay.metadataservice.MetaDataServiceSQLStatements_ESTest::test1,0,0,False,assertNull(string0);,
A148_A_bsc-dom-javaclay,5,es.bsc.dataclay.util.configs.CfgAdminEnvLoader_ESTest::test0,0,0,True,,
A149_A_bsc-dom-javaclay,5,es.bsc.dataclay.logic.notificationmgr.NotificationMgrSQLStatements_ESTest::test2,0,0,False,assertNull(string0);,
A150_A_bsc-dom-javaclay,5,es.bsc.dataclay.logic.datacontractmgr.DataContractManagerSQLStatements_ESTest::test0,0,0,False,assertNull(string0);,
A151_A_codelibs-jhighlight,5,org.codelibs.jhighlight.renderer.XhtmlRendererFactory_ESTest::test1,0,0,True,,
A153_A_chrlembeck-chrlembeck-util,5,de.chrlembeck.util.format.TimeFormatterHelper_ESTest::test2,0,0,False,"assertEquals(""5 Millisekunden, 410 Mikrosekunden, 410 Nanosekunden"", string0);",
A156_A_chiknrice-jen8583,5,org.chiknrice.iso.util.Bcd_ESTest::test2,0,0,False,"assertEquals(""?0?0?0?0?0?0?0"", string0);",
A157_A_albertoirurueta-irurueta-navigation-inertial-extra,5,com.irurueta.navigation.inertial.calibration.intervals.thresholdfactor.DefaultAccelerometerGyroscopeAndMagnetometerMseRule_ESTest::test0,0,0,False,"assertEquals(67.392, double0, 0.01);",
A158_A_LibrePDF-OpenRTF,5,com.lowagie.text.rtf.document.RtfProtection_ESTest::test1,0,0,False,"assertEquals(""73f8d1a6"", string0);",
A160_A_dhis2-dhis2-support-commons,5,org.hisp.dhis.commons.util.PathUtils_ESTest::test2,0,0,True,,
A161_A_apifortress-apif-faker,5,com.github.javafaker.service.FakerIDN_ESTest::test0,0,0,True,,
A162_A_bsc-dom-javaclay,5,es.bsc.dataclay.logic.accountmgr.AccountMgrSQLStatements_ESTest::test1,0,0,False,assertNull(string0);,
A164_A_bsc-dom-javaclay,5,es.bsc.dataclay.logic.classmgr.ClassManagerSQLStatements_ESTest::test0,0,0,False,assertNull(string0);,
A166_A_contentful-contentful-java,5,com.contentful.java.cda.rich.CDARichText_ESTest::test0,0,0,False,assertNull(charSequence0);,
A167_A_dkellenb-formula-evaluator,5,com.github.dkellenb.formulaevaluator.term.operator.GenericOperatorTerm_ESTest::test5,0,0,False,assertNull(double1);,
A168_A_PyramidTechnologies-jPyramid-RS-232,5,com.pyramidacceptors.ptalk.api.AcceptorModel_ESTest::test1,0,0,False,"assertEquals(""Unsupported Device"", string0);",
A169_A_albertoirurueta-irurueta-navigation-inertial-extra,5,com.irurueta.navigation.inertial.calibration.intervals.thresholdfactor.DefaultAccelerometerAndGyroscopeMseRule_ESTest::test0,0,0,False,"assertEquals(Double.NaN, double0, 0.01);",
A170_A_bsc-dom-javaclay,5,es.bsc.dataclay.logic.sessionmgr.SessionManagerSQLStatements_ESTest::test0,0,0,False,assertNull(string0);,
A171_A_bsc-dom-javaclay,5,es.bsc.dataclay.logic.interfacemgr.InterfaceManagerSQLStatements_ESTest::test1,0,0,False,assertNull(string0);,
A173_A_bsc-dom-javaclay,5,es.bsc.dataclay.logic.contractmgr.ContractManagerSQLStatements_ESTest::test3,0,0,False,assertNull(string0);,
A174_A_BriteSnow-snow,5,com.britesnow.snow.testsupport.ClassUtil_ESTest::test0,0,0,False,assertNull(method0);,
A175_A_binfalse-XMLUtils,5,de.unirostock.sems.xmlutils.ds.NodeDistance_ESTest::test0,0,0,False,"assertEquals(0.0, nodeDistance0.distance, 0.01);",
A176_A_criteo-criteo-java-marketing-sdk,5,com.criteo.marketing.StringUtil_ESTest::test3,0,0,True,,
A177_A_ZiglioNZ-construct,5,uk.ziglio.construct.lib.Checksum_ESTest::test0,0,0,False,"assertEquals(14079L, long0);",
A178_A_bsc-dom-javaclay,5,es.bsc.dataclay.logic.logicmetadata.LogicMetadataSQLStatements_ESTest::test1,0,0,False,assertNull(string0);,
A179_A_bsc-dom-javaclay,5,es.bsc.dataclay.tool.GetNamespaces_ESTest::test1,0,0,True,,
B001_B_contentful-contentful-management-java,5,com.contentful.java.cma.model.CMAField_ESTest::test03,0,0,False,assertNull(cMAField1.getName());,
B005_B_abmargb-jamppa,5,org.jivesoftware.smack.util.collections.AbstractReferenceMap_ESTest::test23,0,0,True,,
B010_B_albertoirurueta-irurueta-geometry,5,com.irurueta.geometry.Polygon3D_ESTest::test00,0,0,False,"assertEquals(1.51540468358567, double0, 0.01);",
B011_B_bsc-dom-javaclay,5,es.bsc.dataclay.dataservice.ExecutionEnvironmentPersistentInfo_ESTest::test1,0,0,False,assertNull(storageLocationID1);,
B012_B_albertoirurueta-irurueta-geometry,5,com.irurueta.geometry.Triangle3D_ESTest::test27,0,0,True,,
B017_B_albertoirurueta-irurueta-geometry,5,com.irurueta.geometry.Rectangle_ESTest::test073,0,0,False,"assertEquals(1.5, double0, 0.01);",
B021_B_dhis2-dhis2-support-commons,5,org.hisp.dhis.commons.collection.CollectionUtils_ESTest::test07,0,0,False,"assertEquals(1, linkedList0.size());",
B022_B_bsc-dom-javaclay,5,es.bsc.dataclay.logic.datasetmgr.DataSetManagerSQLStatements_ESTest::test1,0,0,False,assertNull(string0);,
B024_B_chrlembeck-chrlembeck-util,5,de.chrlembeck.util.swing.components.ColorChooserPanel_ESTest::test3,0,0,True,,
B025_B_contentful-contentful-java,5,com.contentful.java.cda.LocalizedResource_ESTest::test2,0,0,True,,
B026_B_assuncaomarcos-servsim,5,me.marcosassuncao.servsim.server.DefaultResourcePool_ESTest::test0,0,0,True,,
B027_B_bsc-dom-javaclay,5,es.bsc.dataclay.util.management.stubs.StubClassLoader_ESTest::test2,0,0,True,,
B028_B_albertoirurueta-irurueta-geometry,5,com.irurueta.geometry.Triangle2D_ESTest::test30,0,0,True,,
B031_B_albertoirurueta-irurueta-navigation-indoor,5,com.irurueta.navigation.indoor.BeaconIdentifier_ESTest::test22,0,0,False,"assertEquals(""95"", string0);",
B032_B_abmargb-jamppa,5,org.jivesoftware.smack.util.collections.AbstractHashedMap_ESTest::test35,0,0,True,,
B033_B_Dschinghis-Kahn-objectstore,5,net.dschinghiskahn.objectstore.ObjectStore_ESTest::test1,0,0,True,,
B034_B_albertoirurueta-irurueta-geometry,5,com.irurueta.geometry.KDTree_ESTest::test10,0,0,True,,
B036_B_amazonwebservices-aws-elasticache-cluster-client-memcached-for-java,5,net.spy.memcached.util.StringUtils_ESTest::test01,0,0,True,,
B037_B_casmi-casmi,5,casmi.graphics.font.Font_ESTest::test07,0,0,False,"assertEquals(18.0, double0, 0.01);",
B054_B_chrlembeck-chrlembeck-util,5,de.chrlembeck.util.console.ConsoleTable_ESTest::test04,0,0,False,"assertEquals(""--------------------------+--+--+\n|  columns, but there are  |  |  |\n--------------------------+--+--+\n"", string0);",
B056_B_bsc-dom-javaclay,5,es.bsc.dataclay.heap.DataClayIDFactory_ESTest::test27,0,0,False,assertNull(implementationID0);,
B057_B_BriteSnow-snow,5,com.britesnow.snow.util.FileUtil_ESTest::test07,0,0,True,,
B058_B_assuncaomarcos-servsim,5,me.marcosassuncao.servsim.profile.SingleProfile_ESTest::test4,0,0,True,,
B059_B_bsc-dom-javaclay,5,es.bsc.dataclay.util.reflection.Reflector_ESTest::test59,0,0,False,"assertEquals(""==PREFETCHING==] Adding lazy task.[]"", string0);",
B060_B_contentful-contentful-management-java,5,com.contentful.java.cma.model.CMAAssetFile_ESTest::test3,0,0,False,assertNull(cMAAssetFile1.getUrl());,
B061_B_Quickhull3d-quickhull3d,5,com.github.quickhull3d.Vector3d_ESTest::test19,0,0,False,"assertEquals(1009.2193506, vector3d0.x, 0.01);",
B063_B_amazonwebservices-aws-elasticache-cluster-client-memcached-for-java,5,net.spy.memcached.tapmessage.RequestMessage_ESTest::test07,0,0,False,"assertEquals(40, requestMessage0.getTotalbody());",
B065_B_casmi-casmi,5,casmi.util.FileUtil_ESTest::test09,0,0,True,,
B066_B_BriteSnow-snow,5,com.britesnow.snow.util.CollectionUtil_ESTest::test2,0,0,True,,
B068_B_bekkopen-NoCommons,5,no.bekk.bekkopen.date.NorwegianDateUtil_ESTest::test1,0,0,False,"assertEquals(""Sat Feb 04 13:54:00 GMT 1057"", date0.toString());",
B069_B_assuncaomarcos-servsim,5,me.marcosassuncao.servsim.profile.ProfileEntry_ESTest::test0,0,0,False,assertFalse(boolean0);,
B070_B_LibrePDF-OpenRTF,5,com.lowagie.text.rtf.parser.exceptions.RtfParserException_ESTest::test3,0,0,False,"assertEquals(""com.lowagie.text.rtf.parser.exceptions.RtfParserException: org.evosuite.runtime.mock.java.lang.MockThrowable"", string0);",
B075_B_3redronin-mu-server,5,io.muserver.WebSocketHandlerBuilder_ESTest::test1,0,0,True,,
B076_B_albertoirurueta-irurueta-geometry,5,com.irurueta.geometry.Polygon2D_ESTest::test12,0,0,True,,
B077_B_dhh1128-jcircuit,5,co.codecraft.jcircuit.Circuit_ESTest::test29,0,0,True,,
B080_B_contentful-contentful-management-java,5,com.contentful.java.cma.DefaultQueryParameter_ESTest::test1,0,0,False,"assertEquals(0, map0.size());",
B081_B_BriteSnow-snow,5,com.britesnow.snow.util.MapUtil_ESTest::test17,0,0,True,,
B084_B_dhis2-dhis2-support-commons,5,org.hisp.dhis.commons.util.StreamUtils_ESTest::test04,0,0,False,"assertEquals(2, stringBuffer0.length());",
B087_B_contentful-contentful-management-java,5,com.contentful.java.cma.model.CMAEntry_ESTest::test00,0,0,True,,
B088_B_binfalse-BFLog,5,de.binfalse.bflog.samplecallbacks.LogCollector_ESTest::test12,0,0,False,assertNull(vector0);,
B090_B_bsc-dom-javaclay,5,es.bsc.dataclay.util.management.classmgr.features.Feature_ESTest::test2,0,0,False,assertNull(feature_FeatureType0.getParent());,
B091_B_albertoirurueta-irurueta-navigation-indoor,5,com.irurueta.navigation.indoor.AltBeaconUtils_ESTest::test6,0,0,False,"assertEquals(Double.POSITIVE_INFINITY, double0, 0.01);",
B092_B_codelibs-ranklib,5,ciir.umass.edu.stats.RandomPermutationTest_ESTest::test0,0,0,False,"assertEquals(0.0, double1, 0.01);",
B097_B_contentful-contentful-management-java,5,com.contentful.java.cma.model.CMAConstraint_ESTest::test02,0,0,True,,
B100_B_albertoirurueta-irurueta-geometry,5,com.irurueta.geometry.VanGoghTriangulator2D_ESTest::test1,0,0,True,,
B102_B_assuncaomarcos-servsim,5,me.marcosassuncao.servsim.profile.TimeSlot_ESTest::test02,0,0,False,assertFalse(boolean0);,
B105_B_codelibs-jhighlight,5,org.codelibs.jhighlight.renderer.XhtmlRendererFactory_ESTest::test2,0,0,False,"assertEquals(10, set0.size());",
B107_B_dhis2-dhis2-support-commons,5,org.hisp.dhis.commons.collection.ListUtils_ESTest::test06,0,0,True,,
B108_B_bsc-dom-javaclay,5,es.bsc.dataclay.logic.classmgr.bytecode.pysrc.codeutils.LineFactory_ESTest::test3,0,0,False,"assertEquals(""class (object"", string0);",
B109_B_contentful-contentful-management-java,5,com.contentful.java.cma.model.CMAAsset_ESTest::test05,0,0,True,,
B111_B_amazonwebservices-aws-elasticache-cluster-client-memcached-for-java,5,net.spy.memcached.internal.AbstractListenableFuture_ESTest::test4,0,0,True,,
B113_B_dhis2-dhis2-support-commons,5,org.hisp.dhis.commons.util.ExpressionFunctions_ESTest::test00,0,0,True,,
B114_B_assuncaomarcos-servsim,5,me.marcosassuncao.servsim.profile.PartProfile_ESTest::test01,0,0,False,"assertEquals(""Profile={\nProfileEntry={time=3122; gridlets=1; numPE=0}\n}"", string0);",
B115_B_chengtengfei-okhttp3-fast-spring-boot-starter,5,com.github.chengtengfei.util.UUIDUtils_ESTest::test0,0,0,False,assertNull(stringArray0);,
B116_B_edgar615-util,5,com.github.edgar615.util.concurrent.StripedLock_ESTest::test2,0,0,True,,
B125_B_albertoirurueta-irurueta-geometry,5,com.irurueta.geometry.VanGoghTriangulator3D_ESTest::test04,0,0,True,,
B126_B_amazonwebservices-aws-elasticache-cluster-client-memcached-for-java,5,net.spy.memcached.compat.SyncThread_ESTest::test3,0,0,False,"assertEquals(0, int0);",
B127_B_elo7-cassandra-migration,5,com.contrastsecurity.cassandra.migration.utils.Pair_ESTest::test0,0,0,False,assertNull(integer1);,
B128_B_apifortress-apif-faker,5,com.github.javafaker.service.FakerIDN_ESTest::test1,0,0,True,,
B129_B_albertoirurueta-irurueta-geometry,5,com.irurueta.geometry.Utils_ESTest::test1,0,0,False,"assertEquals(0.010253986677071225, double0, 0.01);",
B131_B_bsc-dom-javaclay,5,es.bsc.dataclay.util.events.EventTypeOuter_ESTest::test1,0,0,True,,
B133_B_Contrast-Security-OSS-cassandra-migration,5,com.contrastsecurity.cassandra.migration.utils.scanner.filesystem.FileSystemScanner_ESTest::test0,0,0,False,"assertEquals(0, resourceArray0.length);",
B135_B_bsc-dom-javaclay,5,es.bsc.dataclay.util.JarUtils_ESTest::test1,0,0,False,assertNull(byteArray0);,
B139_B_bsc-dom-javaclay,5,es.bsc.dataclay.logic.interfacemgr.InterfaceManagerSQLStatements_ESTest::test0,0,0,False,assertNull(string0);,
B142_B_bsc-dom-javaclay,5,es.bsc.dataclay.metadataservice.MetaDataServiceSQLStatements_ESTest::test0,0,0,False,assertNull(string0);,
B143_B_ArcadiaConsulting-jboss-logging-gelf,5,me.moocar.logbackgelf.Zipper_ESTest::test0,0,0,False,"assertEquals(20, byteArray0.length);",
B149_B_contentful-contentful-management-java,5,com.contentful.java.cma.model.CMAEditorInterface_ESTest::test03,0,0,True,,
B151_B_ZiglioNZ-construct,5,uk.ziglio.construct.lib.Checksum_ESTest::test0,0,0,False,"assertEquals(65025L, long0);",
B155_B_binfalse-XMLUtils,5,de.unirostock.sems.xmlutils.ds.NodeDistanceComparator_ESTest::test3,0,0,False,"assertEquals(0, int0);",
B156_B_contentful-contentful-management-java,5,com.contentful.java.cma.model.CMAUiExtension_ESTest::test3,0,0,False,"assertEquals(""CMAUiExtension { CMAResource { system = CMASystem { type = UiExtension } } extension = null }"", string0);",
B159_B_bsc-dom-javaclay,5,es.bsc.dataclay.logic.logicmetadata.LogicMetadataSQLStatements_ESTest::test0,0,0,False,assertNull(string0);,
B160_B_edgar615-util,5,com.github.edgar615.util.base.HexUtils_ESTest::test4,0,0,False,"assertEquals(""ff"", string0);",
B163_B_bsc-dom-javaclay,5,es.bsc.dataclay.tool.AccessNamespace_ESTest::test1,0,0,True,,
B165_B_LibrePDF-OpenRTF,5,com.lowagie.text.rtf.document.RtfProtection_ESTest::test2,0,0,True,,
B167_B_echisan-wbp4j,5,com.github.echisan.wbp4j.utils.WbpUtils_ESTest::test3,0,0,False,"assertEquals(""https://ws0.sinaimg.cn/bmiddle/00000000000000000000000000000000.jpg"", string0);",
B169_B_bsc-dom-javaclay,5,es.bsc.dataclay.tool.GetCurrentDataClayID_ESTest::test0,0,0,True,,
B170_B_PyramidTechnologies-jPyramid-RS-232,5,com.pyramidacceptors.ptalk.api.AcceptorModel_ESTest::test1,0,0,False,"assertEquals(""Unknown Device"", string0);",
B172_B_albertoirurueta-irurueta-navigation-inertial-extra,5,com.irurueta.navigation.inertial.calibration.intervals.thresholdfactor.DefaultAccelerometerGyroscopeAndMagnetometerMseRule_ESTest::test0,0,0,False,"assertEquals(1.0, double0, 0.01);",
B173_B_cinovo-de-cinovo-q-connector,5,info.michaelwittig.javaq.connector.impl.CResultHelper_ESTest::test7,0,0,True,,
B174_B_dkellenb-formula-evaluator,5,com.github.dkellenb.formulaevaluator.term.operator.GenericOperatorTerm_ESTest::test2,0,0,True,,
