ID,project_dir,class_name,method_name
1,/home/shaker/Desktop/mutants_io/mutated_projects/A_bsc-dom-javaclay.EventTypeOuter/buggy,DataClayJavaMapTest,serializeAndDeserialize
2,/home/shaker/Desktop/mutants_io/mutated_projects/A_bsc-dom-javaclay.EventTypeOuter/buggy,DataClayJavaMapTest,testIntMap
3,/home/shaker/Desktop/mutants_io/mutated_projects/A_bsc-dom-javaclay.EventTypeOuter/buggy,ClassManagerClassTest,beforeAll
4,/home/shaker/Desktop/mutants_io/mutated_projects/A_bsc-dom-javaclay.EventTypeOuter/buggy,ClassManagerClassTest,before
5,/home/shaker/Desktop/mutants_io/mutated_projects/A_bsc-dom-javaclay.EventTypeOuter/buggy,ClassManagerClassTest,setAssocClassID
6,/home/shaker/Desktop/mutants_io/mutated_projects/A_bsc-dom-javaclay.EventTypeOuter/buggy,ClassManagerClassTest,after
7,/home/shaker/Desktop/mutants_io/mutated_projects/A_bsc-dom-javaclay.EventTypeOuter/buggy,ClassManagerClassTest,afterAll
8,/home/shaker/Desktop/mutants_io/mutated_projects/A_bsc-dom-javaclay.EventTypeOuter/buggy,ClassManagerClassTest,ClassManagerClassTest
9,/home/shaker/Desktop/mutants_io/mutated_projects/A_bsc-dom-javaclay.EventTypeOuter/buggy,ClassManagerClassTest,generates
10,/home/shaker/Desktop/mutants_io/mutated_projects/A_bsc-dom-javaclay.EventTypeOuter/buggy,ClassManagerClassTest,generatesPrune
11,/home/shaker/Desktop/mutants_io/mutated_projects/A_bsc-dom-javaclay.EventTypeOuter/buggy,ClassManagerClassTest,generatePropertys
12,/home/shaker/Desktop/mutants_io/mutated_projects/A_bsc-dom-javaclay.EventTypeOuter/buggy,ClassManagerClassTest,generatesWithOperations
13,/home/shaker/Desktop/mutants_io/mutated_projects/A_bsc-dom-javaclay.EventTypeOuter/buggy,ClassManagerClassTest,generatesWithOperationsPrune
14,/home/shaker/Desktop/mutants_io/mutated_projects/A_bsc-dom-javaclay.EventTypeOuter/buggy,ClassManagerClassTest,generateOperations
15,/home/shaker/Desktop/mutants_io/mutated_projects/A_bsc-dom-javaclay.EventTypeOuter/buggy,ClassManagerClassTest,getPrimitiveType
16,/home/shaker/Desktop/mutants_io/mutated_projects/A_bsc-dom-javaclay.EventTypeOuter/buggy,ClassManagerClassTest,verifyProperty
17,/home/shaker/Desktop/mutants_io/mutated_projects/A_bsc-dom-javaclay.EventTypeOuter/buggy,ClassManagerClassTest,verifyOperation
18,/home/shaker/Desktop/mutants_io/mutated_projects/A_bsc-dom-javaclay.EventTypeOuter/buggy,ClassManagerClassTest,verifyMetaClass
19,/home/shaker/Desktop/mutants_io/mutated_projects/A_bsc-dom-javaclay.EventTypeOuter/buggy,ClassManagerClassTest,setIDs
20,/home/shaker/Desktop/mutants_io/mutated_projects/A_bsc-dom-javaclay.EventTypeOuter/buggy,ClassManagerClassTest,testNewClass
21,/home/shaker/Desktop/mutants_io/mutated_projects/A_bsc-dom-javaclay.EventTypeOuter/buggy,ClassManagerClassTest,testcheckNamespaceHasNothing
22,/home/shaker/Desktop/mutants_io/mutated_projects/A_bsc-dom-javaclay.EventTypeOuter/buggy,ClassManagerClassTest,testCheckNamespaceHasNoClassesNotExists
23,/home/shaker/Desktop/mutants_io/mutated_projects/A_bsc-dom-javaclay.EventTypeOuter/buggy,ClassManagerClassTest,testRemoveClass
24,/home/shaker/Desktop/mutants_io/mutated_projects/A_bsc-dom-javaclay.EventTypeOuter/buggy,ClassManagerClassTest,testGetMetaClassID
25,/home/shaker/Desktop/mutants_io/mutated_projects/A_bsc-dom-javaclay.EventTypeOuter/buggy,ClassManagerClassTest,testGetOperationsAndPropertiesNotInNamespaceOfClass
26,/home/shaker/Desktop/mutants_io/mutated_projects/A_bsc-dom-javaclay.EventTypeOuter/buggy,ClassManagerClassTest,testGetOperationsAndPropertiesNotInNamespaceOfClassPropertyNotInClass
27,/home/shaker/Desktop/mutants_io/mutated_projects/A_bsc-dom-javaclay.EventTypeOuter/buggy,ClassManagerClassTest,testGetOperationsAndPropertiesNotInNamespaceOfClassOperationNotInClass
28,/home/shaker/Desktop/mutants_io/mutated_projects/A_bsc-dom-javaclay.EventTypeOuter/buggy,EventTypeOuter_ESTest_A053_MECATIoeQyqmwcKisKGDg_EOTest,test1
29,/home/shaker/Desktop/mutants_io/mutated_projects/A_bsc-dom-javaclay.EventTypeOuter/buggy,EventTypeOuter_ESTest_A053_KBMdY11wR2e3qI5X6bBPHg_EOTest,test1
30,/home/shaker/Desktop/mutants_io/mutated_projects/A_bsc-dom-javaclay.EventTypeOuter/buggy,IDTest,initBuffer
31,/home/shaker/Desktop/mutants_io/mutated_projects/A_bsc-dom-javaclay.EventTypeOuter/buggy,IDTest,finiBuffer
32,/home/shaker/Desktop/mutants_io/mutated_projects/A_bsc-dom-javaclay.EventTypeOuter/buggy,IDTest,testSimpleIDSerialization
33,/home/shaker/Desktop/mutants_io/mutated_projects/A_bsc-dom-javaclay.EventTypeOuter/buggy,PropertyIDTest,initBuffer
34,/home/shaker/Desktop/mutants_io/mutated_projects/A_bsc-dom-javaclay.EventTypeOuter/buggy,PropertyIDTest,finiBuffer
35,/home/shaker/Desktop/mutants_io/mutated_projects/A_bsc-dom-javaclay.EventTypeOuter/buggy,PropertyIDTest,testSimplePropertyIDSerialization
36,/home/shaker/Desktop/mutants_io/mutated_projects/A_bsc-dom-javaclay.EventTypeOuter/buggy,PropertyIDTest,testPropertyIDSerialization
37,/home/shaker/Desktop/mutants_io/mutated_projects/A_bsc-dom-javaclay.EventTypeOuter/buggy,PropertyIDTest,testPropertyIDDoubleSerialization
38,/home/shaker/Desktop/mutants_io/mutated_projects/A_bsc-dom-javaclay.EventTypeOuter/buggy,LruCacheTest,lruCacheTest
39,/home/shaker/Desktop/mutants_io/mutated_projects/A_bsc-dom-javaclay.EventTypeOuter/buggy,EventTypeOuter_ESTest_A053_e38fafe58345_EOTest,test1
40,/home/shaker/Desktop/mutants_io/mutated_projects/A_bsc-dom-javaclay.EventTypeOuter/buggy,EventTypeOuter_ESTest_A053_QvriuVJQQWvHnjlp6nuw_EOTest,test1
41,/home/shaker/Desktop/mutants_io/mutated_projects/A_bsc-dom-javaclay.EventTypeOuter/buggy,EventTypeOuter_ESTest_A053_DGFzMKfyTIuRBZ5y3WEuPg_EOTest,test1
42,/home/shaker/Desktop/mutants_io/mutated_projects/A_bsc-dom-javaclay.EventTypeOuter/buggy,EventTypeOuter_ESTest_A053_20sXDhDXSGmenD8QDD0LWg_EOTest,test1
43,/home/shaker/Desktop/mutants_io/mutated_projects/A_bsc-dom-javaclay.EventTypeOuter/buggy,ContractManagerTest,beforeAll
44,/home/shaker/Desktop/mutants_io/mutated_projects/A_bsc-dom-javaclay.EventTypeOuter/buggy,ContractManagerTest,before
45,/home/shaker/Desktop/mutants_io/mutated_projects/A_bsc-dom-javaclay.EventTypeOuter/buggy,ContractManagerTest,after
46,/home/shaker/Desktop/mutants_io/mutated_projects/A_bsc-dom-javaclay.EventTypeOuter/buggy,ContractManagerTest,afterAll
47,/home/shaker/Desktop/mutants_io/mutated_projects/A_bsc-dom-javaclay.EventTypeOuter/buggy,ContractManagerTest,testNewPrivateContract
48,/home/shaker/Desktop/mutants_io/mutated_projects/A_bsc-dom-javaclay.EventTypeOuter/buggy,ContractManagerTest,testNewPublicContract
49,/home/shaker/Desktop/mutants_io/mutated_projects/A_bsc-dom-javaclay.EventTypeOuter/buggy,ContractManagerTest,testRegisterToPublicActiveContract
50,/home/shaker/Desktop/mutants_io/mutated_projects/A_bsc-dom-javaclay.EventTypeOuter/buggy,ContractManagerTest,testCheckNamespaceHasNoContracts
51,/home/shaker/Desktop/mutants_io/mutated_projects/A_bsc-dom-javaclay.EventTypeOuter/buggy,ContractManagerTest,testCheckInterfaceHasNoContracts
52,/home/shaker/Desktop/mutants_io/mutated_projects/A_bsc-dom-javaclay.EventTypeOuter/buggy,ContractManagerTest,testCheckImplementationHasNoContracts
53,/home/shaker/Desktop/mutants_io/mutated_projects/A_bsc-dom-javaclay.EventTypeOuter/buggy,ContractManagerTest,testCheckInterfacesInActiveContractsForAccount
54,/home/shaker/Desktop/mutants_io/mutated_projects/A_bsc-dom-javaclay.EventTypeOuter/buggy,ContractManagerTest,testCheckInterfacesInActiveContractsForNotValidAccount
55,/home/shaker/Desktop/mutants_io/mutated_projects/A_bsc-dom-javaclay.EventTypeOuter/buggy,ContractManagerTest,testCheckInterfacesInNonActiveContractsForAccount
56,/home/shaker/Desktop/mutants_io/mutated_projects/A_bsc-dom-javaclay.EventTypeOuter/buggy,ContractManagerTest,testCheckNotValidInterfacesInActiveContractsForAccount
57,/home/shaker/Desktop/mutants_io/mutated_projects/A_bsc-dom-javaclay.EventTypeOuter/buggy,ContractManagerTest,testGetContractIDsOfProvider
58,/home/shaker/Desktop/mutants_io/mutated_projects/A_bsc-dom-javaclay.EventTypeOuter/buggy,ContractManagerTest,testGetContractIDsOfApplicant
59,/home/shaker/Desktop/mutants_io/mutated_projects/A_bsc-dom-javaclay.EventTypeOuter/buggy,ContractManagerTest,testGetContractIDsOfApplicantWithProvider
60,/home/shaker/Desktop/mutants_io/mutated_projects/A_bsc-dom-javaclay.EventTypeOuter/buggy,ContractManagerTest,testGetContract
61,/home/shaker/Desktop/mutants_io/mutated_projects/A_bsc-dom-javaclay.EventTypeOuter/buggy,ContractManagerTest,testGetInfoOfActiveContractForAccount
62,/home/shaker/Desktop/mutants_io/mutated_projects/A_bsc-dom-javaclay.EventTypeOuter/buggy,ContractManagerTest,testGetInfoOfInerfacesInActiveContractsForAccount
63,/home/shaker/Desktop/mutants_io/mutated_projects/A_bsc-dom-javaclay.EventTypeOuter/buggy,ContractManagerTest,testGetInfoOfMultipleInterfacesPerActiveContractsForAccount
64,/home/shaker/Desktop/mutants_io/mutated_projects/A_bsc-dom-javaclay.EventTypeOuter/buggy,ContractManagerTest,testGetInfoOfMultipleContractsPerActiveContractsForAccount
65,/home/shaker/Desktop/mutants_io/mutated_projects/A_bsc-dom-javaclay.EventTypeOuter/buggy,ContractManagerTest,testContractNotExist
66,/home/shaker/Desktop/mutants_io/mutated_projects/A_bsc-dom-javaclay.EventTypeOuter/buggy,ContractManagerTest,testAccountAlreadyRegisteredInContract
67,/home/shaker/Desktop/mutants_io/mutated_projects/A_bsc-dom-javaclay.EventTypeOuter/buggy,ContractManagerTest,testAccountNotRegistered
68,/home/shaker/Desktop/mutants_io/mutated_projects/A_bsc-dom-javaclay.EventTypeOuter/buggy,ContractManagerTest,testContractNotActive
69,/home/shaker/Desktop/mutants_io/mutated_projects/A_bsc-dom-javaclay.EventTypeOuter/buggy,ContractManagerTest,testContractNotPublic
70,/home/shaker/Desktop/mutants_io/mutated_projects/A_bsc-dom-javaclay.EventTypeOuter/buggy,ContractManagerTest,testInterfaceNotInContract
71,/home/shaker/Desktop/mutants_io/mutated_projects/A_bsc-dom-javaclay.EventTypeOuter/buggy,SessionManagerTest,beforeAll
72,/home/shaker/Desktop/mutants_io/mutated_projects/A_bsc-dom-javaclay.EventTypeOuter/buggy,SessionManagerTest,before
73,/home/shaker/Desktop/mutants_io/mutated_projects/A_bsc-dom-javaclay.EventTypeOuter/buggy,SessionManagerTest,after
74,/home/shaker/Desktop/mutants_io/mutated_projects/A_bsc-dom-javaclay.EventTypeOuter/buggy,SessionManagerTest,afterAll
75,/home/shaker/Desktop/mutants_io/mutated_projects/A_bsc-dom-javaclay.EventTypeOuter/buggy,SessionManagerTest,testNewSession
76,/home/shaker/Desktop/mutants_io/mutated_projects/A_bsc-dom-javaclay.EventTypeOuter/buggy,SessionManagerTest,testGetSessionInfo
77,/home/shaker/Desktop/mutants_io/mutated_projects/A_bsc-dom-javaclay.EventTypeOuter/buggy,SessionManagerTest,badSessionTest
78,/home/shaker/Desktop/mutants_io/mutated_projects/A_bsc-dom-javaclay.EventTypeOuter/buggy,EventTypeOuter_ESTest_A053_e36de581eb73_EOTest,test1
79,/home/shaker/Desktop/mutants_io/mutated_projects/A_bsc-dom-javaclay.EventTypeOuter/buggy,ReflectorTest,getSignatureSubTypesTest
80,/home/shaker/Desktop/mutants_io/mutated_projects/A_bsc-dom-javaclay.EventTypeOuter/buggy,EventTypeOuter_ESTest_A053_nqSOk3gAT5SseXPSSTvLg_EOTest,test1
81,/home/shaker/Desktop/mutants_io/mutated_projects/A_bsc-dom-javaclay.EventTypeOuter/buggy,EventTypeOuter_ESTest_A053_UIac3ENSfmDgKV8Vew75w_EOTest,test1
82,/home/shaker/Desktop/mutants_io/mutated_projects/A_bsc-dom-javaclay.EventTypeOuter/buggy,EventTypeOuter_ESTest_A053_nxrfOIwQOqN5RYxvEkvcg_EOTest,test1
83,/home/shaker/Desktop/mutants_io/mutated_projects/A_bsc-dom-javaclay.EventTypeOuter/buggy,DataClayJavaArrayTest,serializeAndDeserialize
84,/home/shaker/Desktop/mutants_io/mutated_projects/A_bsc-dom-javaclay.EventTypeOuter/buggy,DataClayJavaArrayTest,testIntArray
85,/home/shaker/Desktop/mutants_io/mutated_projects/A_bsc-dom-javaclay.EventTypeOuter/buggy,DataClayJavaArrayTest,testFloatArray
86,/home/shaker/Desktop/mutants_io/mutated_projects/A_bsc-dom-javaclay.EventTypeOuter/buggy,DataClayJavaArrayTest,testDoubleArray
87,/home/shaker/Desktop/mutants_io/mutated_projects/A_bsc-dom-javaclay.EventTypeOuter/buggy,DataClayJavaArrayTest,testBooleanArray
88,/home/shaker/Desktop/mutants_io/mutated_projects/A_bsc-dom-javaclay.EventTypeOuter/buggy,DataClayJavaArrayTest,testShortArray
89,/home/shaker/Desktop/mutants_io/mutated_projects/A_bsc-dom-javaclay.EventTypeOuter/buggy,DataClayJavaArrayTest,testLongArray
90,/home/shaker/Desktop/mutants_io/mutated_projects/A_bsc-dom-javaclay.EventTypeOuter/buggy,DataClayJavaArrayTest,testCharArray
91,/home/shaker/Desktop/mutants_io/mutated_projects/A_bsc-dom-javaclay.EventTypeOuter/buggy,DataClayJavaArrayTest,testByteArray
92,/home/shaker/Desktop/mutants_io/mutated_projects/A_bsc-dom-javaclay.EventTypeOuter/buggy,DataClayJavaArrayTest,testJavaIntArray
93,/home/shaker/Desktop/mutants_io/mutated_projects/A_bsc-dom-javaclay.EventTypeOuter/buggy,DataClayJavaArrayTest,testJavaFloatArray
94,/home/shaker/Desktop/mutants_io/mutated_projects/A_bsc-dom-javaclay.EventTypeOuter/buggy,DataClayJavaArrayTest,testJavaDoubleArray
95,/home/shaker/Desktop/mutants_io/mutated_projects/A_bsc-dom-javaclay.EventTypeOuter/buggy,DataClayJavaArrayTest,testJavaBooleanArray
96,/home/shaker/Desktop/mutants_io/mutated_projects/A_bsc-dom-javaclay.EventTypeOuter/buggy,DataClayJavaArrayTest,testJavaShortArray
97,/home/shaker/Desktop/mutants_io/mutated_projects/A_bsc-dom-javaclay.EventTypeOuter/buggy,DataClayJavaArrayTest,testJavaLongArray
98,/home/shaker/Desktop/mutants_io/mutated_projects/A_bsc-dom-javaclay.EventTypeOuter/buggy,DataClayJavaArrayTest,testJavaCharArray
99,/home/shaker/Desktop/mutants_io/mutated_projects/A_bsc-dom-javaclay.EventTypeOuter/buggy,DataClayJavaArrayTest,testJavaByteArray
100,/home/shaker/Desktop/mutants_io/mutated_projects/A_bsc-dom-javaclay.EventTypeOuter/buggy,DataClayJavaArrayTest,testVLQ
101,/home/shaker/Desktop/mutants_io/mutated_projects/A_bsc-dom-javaclay.EventTypeOuter/buggy,DataClayJavaArrayTest,testBigArray
102,/home/shaker/Desktop/mutants_io/mutated_projects/A_bsc-dom-javaclay.EventTypeOuter/buggy,EventTypeOuter_ESTest_A053_Z6JW4gtQESvZcxW5EJ9Sw_EOTest,test1
103,/home/shaker/Desktop/mutants_io/mutated_projects/A_bsc-dom-javaclay.EventTypeOuter/buggy,AccountManagerDBTest,setUp
104,/home/shaker/Desktop/mutants_io/mutated_projects/A_bsc-dom-javaclay.EventTypeOuter/buggy,AccountManagerDBTest,tearDown
105,/home/shaker/Desktop/mutants_io/mutated_projects/A_bsc-dom-javaclay.EventTypeOuter/buggy,AccountManagerDBTest,createTables
106,/home/shaker/Desktop/mutants_io/mutated_projects/A_bsc-dom-javaclay.EventTypeOuter/buggy,AccountManagerDBTest,dropTables
107,/home/shaker/Desktop/mutants_io/mutated_projects/A_bsc-dom-javaclay.EventTypeOuter/buggy,AccountManagerDBTest,store
108,/home/shaker/Desktop/mutants_io/mutated_projects/A_bsc-dom-javaclay.EventTypeOuter/buggy,AccountManagerDBTest,testStore
109,/home/shaker/Desktop/mutants_io/mutated_projects/A_bsc-dom-javaclay.EventTypeOuter/buggy,AccountManagerDBTest,getByID
110,/home/shaker/Desktop/mutants_io/mutated_projects/A_bsc-dom-javaclay.EventTypeOuter/buggy,AccountManagerDBTest,getByName
111,/home/shaker/Desktop/mutants_io/mutated_projects/A_bsc-dom-javaclay.EventTypeOuter/buggy,AccountManagerDBTest,existsAccountByName
112,/home/shaker/Desktop/mutants_io/mutated_projects/A_bsc-dom-javaclay.EventTypeOuter/buggy,AccountManagerDBTest,existsAccountByID
113,/home/shaker/Desktop/mutants_io/mutated_projects/A_bsc-dom-javaclay.EventTypeOuter/buggy,AccountManagerDBTest,getAllNormalAccounts
114,/home/shaker/Desktop/mutants_io/mutated_projects/A_bsc-dom-javaclay.EventTypeOuter/buggy,AccountManagerDBTest,close
115,/home/shaker/Desktop/mutants_io/mutated_projects/A_bsc-dom-javaclay.EventTypeOuter/buggy,EventTypeOuter_ESTest_A053_5b249ccecb5c_EOTest,test1
116,/home/shaker/Desktop/mutants_io/mutated_projects/A_bsc-dom-javaclay.EventTypeOuter/buggy,EventTypeOuter_ESTest_A053_v4xz67ZyQ6Kz8pZ3WgHgyw_EOTest,test1
117,/home/shaker/Desktop/mutants_io/mutated_projects/A_bsc-dom-javaclay.EventTypeOuter/buggy,EventTypeOuter_ESTest_A053_VupdbzNAQtu7zK9wz517Q_EOTest,test1
118,/home/shaker/Desktop/mutants_io/mutated_projects/A_bsc-dom-javaclay.EventTypeOuter/buggy,InterfaceManagerTest,beforeAll
119,/home/shaker/Desktop/mutants_io/mutated_projects/A_bsc-dom-javaclay.EventTypeOuter/buggy,InterfaceManagerTest,before
120,/home/shaker/Desktop/mutants_io/mutated_projects/A_bsc-dom-javaclay.EventTypeOuter/buggy,InterfaceManagerTest,after
121,/home/shaker/Desktop/mutants_io/mutated_projects/A_bsc-dom-javaclay.EventTypeOuter/buggy,InterfaceManagerTest,afterAll
122,/home/shaker/Desktop/mutants_io/mutated_projects/A_bsc-dom-javaclay.EventTypeOuter/buggy,InterfaceManagerTest,testNewInterface
123,/home/shaker/Desktop/mutants_io/mutated_projects/A_bsc-dom-javaclay.EventTypeOuter/buggy,InterfaceManagerTest,testRemoveInterface
124,/home/shaker/Desktop/mutants_io/mutated_projects/A_bsc-dom-javaclay.EventTypeOuter/buggy,InterfaceManagerTest,testRemoveInterface2Interfaces
125,/home/shaker/Desktop/mutants_io/mutated_projects/A_bsc-dom-javaclay.EventTypeOuter/buggy,InterfaceManagerTest,testGetInterfacesOfClass1
126,/home/shaker/Desktop/mutants_io/mutated_projects/A_bsc-dom-javaclay.EventTypeOuter/buggy,InterfaceManagerTest,testGetInterfacesOfClassN
127,/home/shaker/Desktop/mutants_io/mutated_projects/A_bsc-dom-javaclay.EventTypeOuter/buggy,InterfaceManagerTest,testGetInterfacesOfClass0
128,/home/shaker/Desktop/mutants_io/mutated_projects/A_bsc-dom-javaclay.EventTypeOuter/buggy,InterfaceManagerTest,testGetInterfacesAccessingOperation1
129,/home/shaker/Desktop/mutants_io/mutated_projects/A_bsc-dom-javaclay.EventTypeOuter/buggy,InterfaceManagerTest,testGetInterfacesAccessingOperationN
130,/home/shaker/Desktop/mutants_io/mutated_projects/A_bsc-dom-javaclay.EventTypeOuter/buggy,InterfaceManagerTest,testGetInterfacesAccessingOperation0
131,/home/shaker/Desktop/mutants_io/mutated_projects/A_bsc-dom-javaclay.EventTypeOuter/buggy,InterfaceManagerTest,testGetSubsetInterfacesOfClasses
132,/home/shaker/Desktop/mutants_io/mutated_projects/A_bsc-dom-javaclay.EventTypeOuter/buggy,InterfaceManagerTest,testGetMetaClassOfInterface
133,/home/shaker/Desktop/mutants_io/mutated_projects/A_bsc-dom-javaclay.EventTypeOuter/buggy,InterfaceManagerTest,testGetInterfacesOfNamespaceInfo
134,/home/shaker/Desktop/mutants_io/mutated_projects/A_bsc-dom-javaclay.EventTypeOuter/buggy,InterfaceManagerTest,testGetInterfacesInfo
135,/home/shaker/Desktop/mutants_io/mutated_projects/A_bsc-dom-javaclay.EventTypeOuter/buggy,InterfaceManagerTest,testRemoveInterfaceNotInNamespace
136,/home/shaker/Desktop/mutants_io/mutated_projects/A_bsc-dom-javaclay.EventTypeOuter/buggy,NamespaceManagerTest,beforeAll
137,/home/shaker/Desktop/mutants_io/mutated_projects/A_bsc-dom-javaclay.EventTypeOuter/buggy,NamespaceManagerTest,before
138,/home/shaker/Desktop/mutants_io/mutated_projects/A_bsc-dom-javaclay.EventTypeOuter/buggy,NamespaceManagerTest,after
139,/home/shaker/Desktop/mutants_io/mutated_projects/A_bsc-dom-javaclay.EventTypeOuter/buggy,NamespaceManagerTest,afterAll
140,/home/shaker/Desktop/mutants_io/mutated_projects/A_bsc-dom-javaclay.EventTypeOuter/buggy,NamespaceManagerTest,testNewNamespace
141,/home/shaker/Desktop/mutants_io/mutated_projects/A_bsc-dom-javaclay.EventTypeOuter/buggy,NamespaceManagerTest,testGetNamespacesNames
142,/home/shaker/Desktop/mutants_io/mutated_projects/A_bsc-dom-javaclay.EventTypeOuter/buggy,NamespaceManagerTest,testNewNamespaceAlreadyExists
143,/home/shaker/Desktop/mutants_io/mutated_projects/A_bsc-dom-javaclay.EventTypeOuter/buggy,NamespaceManagerTest,testGetNamespace
144,/home/shaker/Desktop/mutants_io/mutated_projects/A_bsc-dom-javaclay.EventTypeOuter/buggy,NamespaceManagerTest,testGetNamespacesInfo
145,/home/shaker/Desktop/mutants_io/mutated_projects/A_bsc-dom-javaclay.EventTypeOuter/buggy,NamespaceManagerTest,testCheckNamespaceResponsibleWrongNamespace
146,/home/shaker/Desktop/mutants_io/mutated_projects/A_bsc-dom-javaclay.EventTypeOuter/buggy,NamespaceManagerTest,testCheckNamespaceResponsibleWrongResponsible
147,/home/shaker/Desktop/mutants_io/mutated_projects/A_bsc-dom-javaclay.EventTypeOuter/buggy,NamespaceManagerTest,testCheckNamespaceResponsibleCorrectNamespace
148,/home/shaker/Desktop/mutants_io/mutated_projects/A_bsc-dom-javaclay.EventTypeOuter/buggy,NamespaceManagerTest,testRemoveNamespaceCorrectNamespace
149,/home/shaker/Desktop/mutants_io/mutated_projects/A_bsc-dom-javaclay.EventTypeOuter/buggy,NamespaceManagerTest,testRemoveNamespace2NamespacesWithSameResponsible
150,/home/shaker/Desktop/mutants_io/mutated_projects/A_bsc-dom-javaclay.EventTypeOuter/buggy,NamespaceManagerTest,testImportInterfaces
151,/home/shaker/Desktop/mutants_io/mutated_projects/A_bsc-dom-javaclay.EventTypeOuter/buggy,NamespaceManagerTest,testRemoveImportedInterfaces
152,/home/shaker/Desktop/mutants_io/mutated_projects/A_bsc-dom-javaclay.EventTypeOuter/buggy,NamespaceManagerTest,testGetImportedInterfacesFromClassName
153,/home/shaker/Desktop/mutants_io/mutated_projects/A_bsc-dom-javaclay.EventTypeOuter/buggy,NamespaceManagerTest,testGetImportedInterfacesForMetaClasses
154,/home/shaker/Desktop/mutants_io/mutated_projects/A_bsc-dom-javaclay.EventTypeOuter/buggy,NamespaceManagerTest,testRegisterPropertyUsesImport
155,/home/shaker/Desktop/mutants_io/mutated_projects/A_bsc-dom-javaclay.EventTypeOuter/buggy,NamespaceManagerTest,testRegisterOperationUsesImport
156,/home/shaker/Desktop/mutants_io/mutated_projects/A_bsc-dom-javaclay.EventTypeOuter/buggy,NamespaceManagerTest,testRegisterImplementationUsesImport
157,/home/shaker/Desktop/mutants_io/mutated_projects/A_bsc-dom-javaclay.EventTypeOuter/buggy,NamespaceManagerTest,testRegisterSubClassUsesImport
158,/home/shaker/Desktop/mutants_io/mutated_projects/A_bsc-dom-javaclay.EventTypeOuter/buggy,NamespaceManagerTest,testUnregisterOperationUsesImport
159,/home/shaker/Desktop/mutants_io/mutated_projects/A_bsc-dom-javaclay.EventTypeOuter/buggy,NamespaceManagerTest,testUnregisterImplementationUsesImport
160,/home/shaker/Desktop/mutants_io/mutated_projects/A_bsc-dom-javaclay.EventTypeOuter/buggy,NamespaceManagerTest,testUnregisterSubClassUsesImport
161,/home/shaker/Desktop/mutants_io/mutated_projects/A_bsc-dom-javaclay.EventTypeOuter/buggy,NamespaceManagerTest,testCheckImportsNotUsedAndGet
162,/home/shaker/Desktop/mutants_io/mutated_projects/A_bsc-dom-javaclay.EventTypeOuter/buggy,NamespaceManagerTest,testGetImportsOfAccount
163,/home/shaker/Desktop/mutants_io/mutated_projects/A_bsc-dom-javaclay.EventTypeOuter/buggy,NamespaceManagerTest,testGetWrongNamespacesResponsibles
164,/home/shaker/Desktop/mutants_io/mutated_projects/A_bsc-dom-javaclay.EventTypeOuter/buggy,NamespaceManagerTest,testRemoveNamespaceWrongNamespace
165,/home/shaker/Desktop/mutants_io/mutated_projects/A_bsc-dom-javaclay.EventTypeOuter/buggy,NamespaceManagerTest,testImportInterfacesNamespaceNotExistException
166,/home/shaker/Desktop/mutants_io/mutated_projects/A_bsc-dom-javaclay.EventTypeOuter/buggy,NamespaceManagerTest,testImportInterfacesAlreadyExistsException
167,/home/shaker/Desktop/mutants_io/mutated_projects/A_bsc-dom-javaclay.EventTypeOuter/buggy,NamespaceManagerTest,testRemoveInterfacesNamespaceNotExistException
168,/home/shaker/Desktop/mutants_io/mutated_projects/A_bsc-dom-javaclay.EventTypeOuter/buggy,NamespaceManagerTest,testRemoveInterfaceNotExistsException
169,/home/shaker/Desktop/mutants_io/mutated_projects/A_bsc-dom-javaclay.EventTypeOuter/buggy,NamespaceManagerTest,testRemoveInterfaceContractNotExistsException
170,/home/shaker/Desktop/mutants_io/mutated_projects/A_bsc-dom-javaclay.EventTypeOuter/buggy,NamespaceManagerTest,testCheckImportNotUsedNamespaceNotExistException
171,/home/shaker/Desktop/mutants_io/mutated_projects/A_bsc-dom-javaclay.EventTypeOuter/buggy,NamespaceManagerTest,testCheckImportNotUsedFail
172,/home/shaker/Desktop/mutants_io/mutated_projects/A_bsc-dom-javaclay.EventTypeOuter/buggy,NamespaceManagerTest,testGetImportedInterfacesFromClassNameNamespaceDoesNotExistException
173,/home/shaker/Desktop/mutants_io/mutated_projects/A_bsc-dom-javaclay.EventTypeOuter/buggy,NamespaceManagerTest,testGetImportedInterfacesFromClassNotImported
174,/home/shaker/Desktop/mutants_io/mutated_projects/A_bsc-dom-javaclay.EventTypeOuter/buggy,NamespaceManagerTest,testRegisterPropertyNamespaceNotExistException
175,/home/shaker/Desktop/mutants_io/mutated_projects/A_bsc-dom-javaclay.EventTypeOuter/buggy,NamespaceManagerTest,testRegisterPropertyInterfaceNotExistsException
176,/home/shaker/Desktop/mutants_io/mutated_projects/A_bsc-dom-javaclay.EventTypeOuter/buggy,NamespaceManagerTest,testRegisterPropertyInterfaceContractNotExistsException
177,/home/shaker/Desktop/mutants_io/mutated_projects/A_bsc-dom-javaclay.EventTypeOuter/buggy,NamespaceManagerTest,testRegisterOperationNamespaceNotExistException
178,/home/shaker/Desktop/mutants_io/mutated_projects/A_bsc-dom-javaclay.EventTypeOuter/buggy,NamespaceManagerTest,testRegisterOperationInterfaceNotExistsException
179,/home/shaker/Desktop/mutants_io/mutated_projects/A_bsc-dom-javaclay.EventTypeOuter/buggy,NamespaceManagerTest,testRegisterOperationInterfaceContractNotExistsException
180,/home/shaker/Desktop/mutants_io/mutated_projects/A_bsc-dom-javaclay.EventTypeOuter/buggy,NamespaceManagerTest,testRegisterImplementationNamespaceNotExistException
181,/home/shaker/Desktop/mutants_io/mutated_projects/A_bsc-dom-javaclay.EventTypeOuter/buggy,NamespaceManagerTest,testRegisterImplementationInterfaceNotExistsException
182,/home/shaker/Desktop/mutants_io/mutated_projects/A_bsc-dom-javaclay.EventTypeOuter/buggy,NamespaceManagerTest,testRegisterImplementationInterfaceContractNotExistsException
183,/home/shaker/Desktop/mutants_io/mutated_projects/A_bsc-dom-javaclay.EventTypeOuter/buggy,NamespaceManagerTest,testRegisterSubClassNamespaceNotExistException
184,/home/shaker/Desktop/mutants_io/mutated_projects/A_bsc-dom-javaclay.EventTypeOuter/buggy,NamespaceManagerTest,testRegisterSubClassInterfaceNotExistsException
185,/home/shaker/Desktop/mutants_io/mutated_projects/A_bsc-dom-javaclay.EventTypeOuter/buggy,NamespaceManagerTest,testRegisterSubClassInterfaceContractNotExistsException
186,/home/shaker/Desktop/mutants_io/mutated_projects/A_bsc-dom-javaclay.EventTypeOuter/buggy,EventTypeOuter_ESTest_A053_PJjH9LxoTjOoIdWc5kqAA_EOTest,test1
187,/home/shaker/Desktop/mutants_io/mutated_projects/A_bsc-dom-javaclay.EventTypeOuter/buggy,EventTypeOuter_ESTest_A053_da45166534f8_EOTest,test1
188,/home/shaker/Desktop/mutants_io/mutated_projects/A_bsc-dom-javaclay.EventTypeOuter/buggy,ClassManagerClassTest_22_a511f7359033_EOTest,testCheckNamespaceHasNoClassesNotExists
189,/home/shaker/Desktop/mutants_io/mutated_projects/A_bsc-dom-javaclay.EventTypeOuter/buggy,AccountManagerTest,before
190,/home/shaker/Desktop/mutants_io/mutated_projects/A_bsc-dom-javaclay.EventTypeOuter/buggy,AccountManagerTest,after
191,/home/shaker/Desktop/mutants_io/mutated_projects/A_bsc-dom-javaclay.EventTypeOuter/buggy,AccountManagerTest,testNewAccount
192,/home/shaker/Desktop/mutants_io/mutated_projects/A_bsc-dom-javaclay.EventTypeOuter/buggy,AccountManagerTest,testNewAccountWrongAdmin
193,/home/shaker/Desktop/mutants_io/mutated_projects/A_bsc-dom-javaclay.EventTypeOuter/buggy,AccountManagerTest,testNewAccountAlreadyExist
194,/home/shaker/Desktop/mutants_io/mutated_projects/A_bsc-dom-javaclay.EventTypeOuter/buggy,AccountManagerTest,testNewAccountWrongCredential
195,/home/shaker/Desktop/mutants_io/mutated_projects/A_bsc-dom-javaclay.EventTypeOuter/buggy,AccountManagerTest,testGetAccountID
196,/home/shaker/Desktop/mutants_io/mutated_projects/A_bsc-dom-javaclay.EventTypeOuter/buggy,AccountManagerTest,testGetAccountList
197,/home/shaker/Desktop/mutants_io/mutated_projects/A_bsc-dom-javaclay.EventTypeOuter/buggy,AccountManagerTest,testExistsAccount
198,/home/shaker/Desktop/mutants_io/mutated_projects/A_bsc-dom-javaclay.EventTypeOuter/buggy,AccountManagerTest,testExistsAccountFails
199,/home/shaker/Desktop/mutants_io/mutated_projects/A_bsc-dom-javaclay.EventTypeOuter/buggy,AccountManagerTest,testValidateAccountAdmin
200,/home/shaker/Desktop/mutants_io/mutated_projects/A_bsc-dom-javaclay.EventTypeOuter/buggy,AccountManagerTest,testValidateAccountNormal
201,/home/shaker/Desktop/mutants_io/mutated_projects/A_bsc-dom-javaclay.EventTypeOuter/buggy,AccountManagerTest,testValidateAccount
202,/home/shaker/Desktop/mutants_io/mutated_projects/A_bsc-dom-javaclay.EventTypeOuter/buggy,AccountManagerTest,testValidateAccountWrongAdminRole
203,/home/shaker/Desktop/mutants_io/mutated_projects/A_bsc-dom-javaclay.EventTypeOuter/buggy,AccountManagerTest,testValidateAccountWrongNormalRole
204,/home/shaker/Desktop/mutants_io/mutated_projects/A_bsc-dom-javaclay.EventTypeOuter/buggy,AccountManagerTest,testValidateAccountWrongAdminCredential
205,/home/shaker/Desktop/mutants_io/mutated_projects/A_bsc-dom-javaclay.EventTypeOuter/buggy,AccountManagerTest,testValidateAccountWrongNormalCredential
206,/home/shaker/Desktop/mutants_io/mutated_projects/A_bsc-dom-javaclay.EventTypeOuter/buggy,AccountManagerTest,testValidateAccountWrongCredential
207,/home/shaker/Desktop/mutants_io/mutated_projects/A_bsc-dom-javaclay.EventTypeOuter/buggy,AccountManagerTest,testValidateAccountWrongID
208,/home/shaker/Desktop/mutants_io/mutated_projects/A_bsc-dom-javaclay.EventTypeOuter/buggy,EventTypeOuter_ESTest_A053_mAS1wFRAqfFRVlxA4ebQ_EOTest,test1
209,/home/shaker/Desktop/mutants_io/mutated_projects/A_bsc-dom-javaclay.EventTypeOuter/buggy,ClassManagerClassTest_20_fe3af25fbc93_EOTest,testNewClass
210,/home/shaker/Desktop/mutants_io/mutated_projects/A_bsc-dom-javaclay.EventTypeOuter/buggy,EventTypeOuter_ESTest_A053_b6f79a1698f3_EOTest,test1
211,/home/shaker/Desktop/mutants_io/mutated_projects/A_bsc-dom-javaclay.EventTypeOuter/buggy,EventTypeOuter_ESTest_A053_6bFjfNTuQoWtlSjZJwyjg_EOTest,test1
212,/home/shaker/Desktop/mutants_io/mutated_projects/A_bsc-dom-javaclay.EventTypeOuter/buggy,EventTypeOuter_ESTest_A053_qDc3Xr0SfGjwmhFkezkdw_EOTest,test1
213,/home/shaker/Desktop/mutants_io/mutated_projects/A_bsc-dom-javaclay.EventTypeOuter/buggy,EventTypeOuter_ESTest_A053_9a085d422155_EOTest,test1
214,/home/shaker/Desktop/mutants_io/mutated_projects/A_bsc-dom-javaclay.EventTypeOuter/buggy,EventTypeOuter_ESTest_A053_fn7BDqSfG0A4pZ3PMqQ_EOTest,test1
215,/home/shaker/Desktop/mutants_io/mutated_projects/A_bsc-dom-javaclay.EventTypeOuter/buggy,EventTypeOuter_ESTest_A053_reBltKDpQm61zihCmoOLoQ_EOTest,test1
216,/home/shaker/Desktop/mutants_io/mutated_projects/A_bsc-dom-javaclay.EventTypeOuter/buggy,EventTypeOuter_ESTest_A053_wGo9uVORf61qD3lnLuZlg_EOTest,test1
217,/home/shaker/Desktop/mutants_io/mutated_projects/A_bsc-dom-javaclay.EventTypeOuter/buggy,EventTypeOuter_ESTest_A053_Q1DIQ5TCTdCqNxSDCEf6gA_EOTest,test1
218,/home/shaker/Desktop/mutants_io/mutated_projects/A_bsc-dom-javaclay.EventTypeOuter/buggy,EventTypeOuter_ESTest_A053_wJDfO55QAaJP7crqFw_EOTest,test1
219,/home/shaker/Desktop/mutants_io/mutated_projects/A_bsc-dom-javaclay.EventTypeOuter/buggy,EventTypeOuter_ESTest_A053_6e6ee1d01375_EOTest,test1
220,/home/shaker/Desktop/mutants_io/mutated_projects/A_bsc-dom-javaclay.EventTypeOuter/buggy,EventTypeOuter_ESTest_A053_5oZgintpTiytPXmXmEGWow_EOTest,test1
221,/home/shaker/Desktop/mutants_io/mutated_projects/A_bsc-dom-javaclay.EventTypeOuter/buggy,EventTypeOuter_ESTest_A053_d7b0027af064_EOTest,test1
222,/home/shaker/Desktop/mutants_io/mutated_projects/A_bsc-dom-javaclay.EventTypeOuter/buggy,PasswordCredentialTest,initBuffer
223,/home/shaker/Desktop/mutants_io/mutated_projects/A_bsc-dom-javaclay.EventTypeOuter/buggy,PasswordCredentialTest,finiBuffer
224,/home/shaker/Desktop/mutants_io/mutated_projects/A_bsc-dom-javaclay.EventTypeOuter/buggy,PasswordCredentialTest,testSimplePasswordCredentialSerialization
225,/home/shaker/Desktop/mutants_io/mutated_projects/A_bsc-dom-javaclay.EventTypeOuter/buggy,PasswordCredentialTest,testPasswordCredentialSerialization
226,/home/shaker/Desktop/mutants_io/mutated_projects/A_bsc-dom-javaclay.EventTypeOuter/buggy,PasswordCredentialTest,testPasswordCredentialDoubleSerialization
227,/home/shaker/Desktop/mutants_io/mutated_projects/A_bsc-dom-javaclay.EventTypeOuter/buggy,EventTypeOuter_ESTest_A053_TstEyFb8TDeCQCfA4nwlzQ_EOTest,test1
228,/home/shaker/Desktop/mutants_io/mutated_projects/A_bsc-dom-javaclay.EventTypeOuter/buggy,ClassManagerClassTest_21_5c372946c193_EOTest,testcheckNamespaceHasNothing
229,/home/shaker/Desktop/mutants_io/mutated_projects/A_bsc-dom-javaclay.EventTypeOuter/buggy,ClassManagerOperationTest,beforeAll
230,/home/shaker/Desktop/mutants_io/mutated_projects/A_bsc-dom-javaclay.EventTypeOuter/buggy,ClassManagerOperationTest,before
231,/home/shaker/Desktop/mutants_io/mutated_projects/A_bsc-dom-javaclay.EventTypeOuter/buggy,ClassManagerOperationTest,after
232,/home/shaker/Desktop/mutants_io/mutated_projects/A_bsc-dom-javaclay.EventTypeOuter/buggy,ClassManagerOperationTest,afterAll
233,/home/shaker/Desktop/mutants_io/mutated_projects/A_bsc-dom-javaclay.EventTypeOuter/buggy,ClassManagerOperationTest,ClassManagerOperationTest
234,/home/shaker/Desktop/mutants_io/mutated_projects/A_bsc-dom-javaclay.EventTypeOuter/buggy,ClassManagerOperationTest,generates
235,/home/shaker/Desktop/mutants_io/mutated_projects/A_bsc-dom-javaclay.EventTypeOuter/buggy,ClassManagerOperationTest,generatesPrune
236,/home/shaker/Desktop/mutants_io/mutated_projects/A_bsc-dom-javaclay.EventTypeOuter/buggy,ClassManagerOperationTest,generateOperations
237,/home/shaker/Desktop/mutants_io/mutated_projects/A_bsc-dom-javaclay.EventTypeOuter/buggy,ClassManagerOperationTest,getPrimitiveType
238,/home/shaker/Desktop/mutants_io/mutated_projects/A_bsc-dom-javaclay.EventTypeOuter/buggy,ClassManagerOperationTest,createMetaClass
239,/home/shaker/Desktop/mutants_io/mutated_projects/A_bsc-dom-javaclay.EventTypeOuter/buggy,ClassManagerOperationTest,newOperation
240,/home/shaker/Desktop/mutants_io/mutated_projects/A_bsc-dom-javaclay.EventTypeOuter/buggy,ClassManagerOperationTest,testNewOperation
241,/home/shaker/Desktop/mutants_io/mutated_projects/A_bsc-dom-javaclay.EventTypeOuter/buggy,ClassManagerOperationTest,testGetImplementationsOfOperation
242,/home/shaker/Desktop/mutants_io/mutated_projects/A_bsc-dom-javaclay.EventTypeOuter/buggy,ClassManagerOperationTest,testRemoveOperation
243,/home/shaker/Desktop/mutants_io/mutated_projects/A_bsc-dom-javaclay.EventTypeOuter/buggy,ClassManagerOperationTest,testGetOperationID
244,/home/shaker/Desktop/mutants_io/mutated_projects/A_bsc-dom-javaclay.EventTypeOuter/buggy,ClassManagerOperationTest,testNewOperationAlreadyInClassException
245,/home/shaker/Desktop/mutants_io/mutated_projects/A_bsc-dom-javaclay.EventTypeOuter/buggy,ClassManagerOperationTest,testSameTypeOperationAlreadyInClassException
246,/home/shaker/Desktop/mutants_io/mutated_projects/A_bsc-dom-javaclay.EventTypeOuter/buggy,ClassManagerOperationTest,testRemoveOperationNotExistException
247,/home/shaker/Desktop/mutants_io/mutated_projects/A_bsc-dom-javaclay.EventTypeOuter/buggy,ClassManagerOperationTest,testGetImplementationsOfOperationNotExistException
248,/home/shaker/Desktop/mutants_io/mutated_projects/A_bsc-dom-javaclay.EventTypeOuter/buggy,ClassManagerOperationTest,testGetOperationNameNotExistException
249,/home/shaker/Desktop/mutants_io/mutated_projects/A_bsc-dom-javaclay.EventTypeOuter/buggy,DataSetManagerTest,beforeAll
250,/home/shaker/Desktop/mutants_io/mutated_projects/A_bsc-dom-javaclay.EventTypeOuter/buggy,DataSetManagerTest,before
251,/home/shaker/Desktop/mutants_io/mutated_projects/A_bsc-dom-javaclay.EventTypeOuter/buggy,DataSetManagerTest,after
252,/home/shaker/Desktop/mutants_io/mutated_projects/A_bsc-dom-javaclay.EventTypeOuter/buggy,DataSetManagerTest,afterAll
253,/home/shaker/Desktop/mutants_io/mutated_projects/A_bsc-dom-javaclay.EventTypeOuter/buggy,DataSetManagerTest,testNewDataSet
254,/home/shaker/Desktop/mutants_io/mutated_projects/A_bsc-dom-javaclay.EventTypeOuter/buggy,DataSetManagerTest,testNewDataSetAlreadyExists
255,/home/shaker/Desktop/mutants_io/mutated_projects/A_bsc-dom-javaclay.EventTypeOuter/buggy,DataSetManagerTest,testGetDataSet
256,/home/shaker/Desktop/mutants_io/mutated_projects/A_bsc-dom-javaclay.EventTypeOuter/buggy,DataSetManagerTest,testGetDataSetsInfo
257,/home/shaker/Desktop/mutants_io/mutated_projects/A_bsc-dom-javaclay.EventTypeOuter/buggy,DataSetManagerTest,testCheckDataSetResponsibleWrongDataSet
258,/home/shaker/Desktop/mutants_io/mutated_projects/A_bsc-dom-javaclay.EventTypeOuter/buggy,DataSetManagerTest,testCheckDataSetResponsibleCorrectDataSet
259,/home/shaker/Desktop/mutants_io/mutated_projects/A_bsc-dom-javaclay.EventTypeOuter/buggy,DataSetManagerTest,testRemoveDataSetCorrectDataSet
260,/home/shaker/Desktop/mutants_io/mutated_projects/A_bsc-dom-javaclay.EventTypeOuter/buggy,DataSetManagerTest,testRemoveDataSet2DataSetsWithSameResponsible
261,/home/shaker/Desktop/mutants_io/mutated_projects/A_bsc-dom-javaclay.EventTypeOuter/buggy,DataSetManagerTest,testRemoveDataSetWrongDataSet
262,/home/shaker/Desktop/mutants_io/mutated_projects/A_bsc-dom-javaclay.EventTypeOuter/buggy,DataSetManagerTest,testGetPublicDataSets
263,/home/shaker/Desktop/mutants_io/mutated_projects/A_bsc-dom-javaclay.EventTypeOuter/buggy,DataSetManagerTest,testCheckDataSetIsPublic
264,/home/shaker/Desktop/mutants_io/mutated_projects/A_bsc-dom-javaclay.EventTypeOuter/buggy,EventTypeOuter_ESTest_A053_GbcndaYyQ0ygvuRWeLvp8w_EOTest,test1
265,/home/shaker/Desktop/mutants_io/mutated_projects/A_bsc-dom-javaclay.EventTypeOuter/buggy,DataClayJavaMapTest_2_9d4af02eb741_EOTest,testIntMap
266,/home/shaker/Desktop/mutants_io/mutated_projects/A_bsc-dom-javaclay.EventTypeOuter/buggy,DataContractManagerTest,beforeAll
267,/home/shaker/Desktop/mutants_io/mutated_projects/A_bsc-dom-javaclay.EventTypeOuter/buggy,DataContractManagerTest,before
268,/home/shaker/Desktop/mutants_io/mutated_projects/A_bsc-dom-javaclay.EventTypeOuter/buggy,DataContractManagerTest,after
269,/home/shaker/Desktop/mutants_io/mutated_projects/A_bsc-dom-javaclay.EventTypeOuter/buggy,DataContractManagerTest,afterAll
270,/home/shaker/Desktop/mutants_io/mutated_projects/A_bsc-dom-javaclay.EventTypeOuter/buggy,DataContractManagerTest,testNewPrivateDataContract
271,/home/shaker/Desktop/mutants_io/mutated_projects/A_bsc-dom-javaclay.EventTypeOuter/buggy,DataContractManagerTest,testNewGMTPrivateDataContract
272,/home/shaker/Desktop/mutants_io/mutated_projects/A_bsc-dom-javaclay.EventTypeOuter/buggy,DataContractManagerTest,testNewPublicDataContract
273,/home/shaker/Desktop/mutants_io/mutated_projects/A_bsc-dom-javaclay.EventTypeOuter/buggy,DataContractManagerTest,testRegisterToPublicActiveDataContract
274,/home/shaker/Desktop/mutants_io/mutated_projects/A_bsc-dom-javaclay.EventTypeOuter/buggy,DataContractManagerTest,testCheckDataSetHasNoDataContracts
275,/home/shaker/Desktop/mutants_io/mutated_projects/A_bsc-dom-javaclay.EventTypeOuter/buggy,DataContractManagerTest,testGetDataContractIDsOfProvider
276,/home/shaker/Desktop/mutants_io/mutated_projects/A_bsc-dom-javaclay.EventTypeOuter/buggy,DataContractManagerTest,testGetDataContractIDsOfApplicant
277,/home/shaker/Desktop/mutants_io/mutated_projects/A_bsc-dom-javaclay.EventTypeOuter/buggy,DataContractManagerTest,testGetDataContractOfApplicantWithProvider
278,/home/shaker/Desktop/mutants_io/mutated_projects/A_bsc-dom-javaclay.EventTypeOuter/buggy,DataContractManagerTest,testGetInfoOfSomeActiveDataContractForAccountWithProvider
279,/home/shaker/Desktop/mutants_io/mutated_projects/A_bsc-dom-javaclay.EventTypeOuter/buggy,DataContractManagerTest,testGetInfoOfSomeActiveDataContractForAccountWithoutContractsWithProvider
280,/home/shaker/Desktop/mutants_io/mutated_projects/A_bsc-dom-javaclay.EventTypeOuter/buggy,DataContractManagerTest,testAccountWithOnlyOneDataContractPerProvider
281,/home/shaker/Desktop/mutants_io/mutated_projects/A_bsc-dom-javaclay.EventTypeOuter/buggy,DataContractManagerTest,testAccountTriesToRegisterToPublicContractAndAlreadyHasContractWithProvider
282,/home/shaker/Desktop/mutants_io/mutated_projects/A_bsc-dom-javaclay.EventTypeOuter/buggy,MetaDataServiceTest,before
283,/home/shaker/Desktop/mutants_io/mutated_projects/A_bsc-dom-javaclay.EventTypeOuter/buggy,MetaDataServiceTest,after
284,/home/shaker/Desktop/mutants_io/mutated_projects/A_bsc-dom-javaclay.EventTypeOuter/buggy,MetaDataServiceTest,testGetObjectBackends
285,/home/shaker/Desktop/mutants_io/mutated_projects/A_bsc-dom-javaclay.EventTypeOuter/buggy,MetaDataServiceTest,testGetLocationsOfObjectsOfMetaClass
286,/home/shaker/Desktop/mutants_io/mutated_projects/A_bsc-dom-javaclay.EventTypeOuter/buggy,MetaDataServiceTest,testRegisterObject
287,/home/shaker/Desktop/mutants_io/mutated_projects/A_bsc-dom-javaclay.EventTypeOuter/buggy,MetaDataServiceTest,testChangeObjectID
288,/home/shaker/Desktop/mutants_io/mutated_projects/A_bsc-dom-javaclay.EventTypeOuter/buggy,MetaDataServiceTest,testChangeObjectIDSameID
289,/home/shaker/Desktop/mutants_io/mutated_projects/A_bsc-dom-javaclay.EventTypeOuter/buggy,MetaDataServiceTest,testUnregisterObject
290,/home/shaker/Desktop/mutants_io/mutated_projects/A_bsc-dom-javaclay.EventTypeOuter/buggy,MetaDataServiceTest,testMigrateObjectToBackend
291,/home/shaker/Desktop/mutants_io/mutated_projects/A_bsc-dom-javaclay.EventTypeOuter/buggy,MetaDataServiceTest,testMigrateObjectsToBackend
292,/home/shaker/Desktop/mutants_io/mutated_projects/A_bsc-dom-javaclay.EventTypeOuter/buggy,MetaDataServiceTest,testCheckObjectInSrcNotInDest
293,/home/shaker/Desktop/mutants_io/mutated_projects/A_bsc-dom-javaclay.EventTypeOuter/buggy,MetaDataServiceTest,testSetObjectReadOnly
294,/home/shaker/Desktop/mutants_io/mutated_projects/A_bsc-dom-javaclay.EventTypeOuter/buggy,MetaDataServiceTest,testSetObjectReadWrite
295,/home/shaker/Desktop/mutants_io/mutated_projects/A_bsc-dom-javaclay.EventTypeOuter/buggy,MetaDataServiceTest,testExceptionAlreadyRegisteredObject
296,/home/shaker/Desktop/mutants_io/mutated_projects/A_bsc-dom-javaclay.EventTypeOuter/buggy,MetaDataServiceTest,testExceptionChangeIDOfUnexistentObject
297,/home/shaker/Desktop/mutants_io/mutated_projects/A_bsc-dom-javaclay.EventTypeOuter/buggy,MetaDataServiceTest,testExceptionUnregisterObjectNotExists
298,/home/shaker/Desktop/mutants_io/mutated_projects/A_bsc-dom-javaclay.EventTypeOuter/buggy,MetaDataServiceTest,testExceptionMigrateObjectToBackendThatNotExist
299,/home/shaker/Desktop/mutants_io/mutated_projects/A_bsc-dom-javaclay.EventTypeOuter/buggy,MetaDataServiceTest,testExceptionMigrateObjectsToBackendThatNotExist
300,/home/shaker/Desktop/mutants_io/mutated_projects/A_bsc-dom-javaclay.EventTypeOuter/buggy,MetaDataServiceTest,testExceptionMigrateObjectToBackendThatNotExist2
301,/home/shaker/Desktop/mutants_io/mutated_projects/A_bsc-dom-javaclay.EventTypeOuter/buggy,MetaDataServiceTest,testExceptionMigrateObjectThatNotRegistered
302,/home/shaker/Desktop/mutants_io/mutated_projects/A_bsc-dom-javaclay.EventTypeOuter/buggy,MetaDataServiceTest,testExceptionSetObjectReadOnlyObjectNotRegistered
303,/home/shaker/Desktop/mutants_io/mutated_projects/A_bsc-dom-javaclay.EventTypeOuter/buggy,MetaDataServiceTest,testExceptionSetObjectReadWriteObjectNotRegistered
304,/home/shaker/Desktop/mutants_io/mutated_projects/A_bsc-dom-javaclay.EventTypeOuter/buggy,MetaDataServiceTest,testExceptionSetObjectReadWriteObjectHasReplicas
305,/home/shaker/Desktop/mutants_io/mutated_projects/A_bsc-dom-javaclay.EventTypeOuter/buggy,MetaDataServiceTest,registerObjectWithoutReplicas
306,/home/shaker/Desktop/mutants_io/mutated_projects/A_bsc-dom-javaclay.EventTypeOuter/buggy,MetaDataServiceTest,registerObjectWithReplicas
307,/home/shaker/Desktop/mutants_io/mutated_projects/A_bsc-dom-javaclay.EventTypeOuter/buggy,MetaDataServiceTest,getSubsetOfLocationsForReplicas
308,/home/shaker/Desktop/mutants_io/mutated_projects/A_bsc-dom-javaclay.EventTypeOuter/buggy,MetaDataServiceTest,registerSetOfBackends
309,/home/shaker/Desktop/mutants_io/mutated_projects/A_bsc-dom-javaclay.EventTypeOuter/buggy,ClassManagerPropertyTest,beforeAll
310,/home/shaker/Desktop/mutants_io/mutated_projects/A_bsc-dom-javaclay.EventTypeOuter/buggy,ClassManagerPropertyTest,before
311,/home/shaker/Desktop/mutants_io/mutated_projects/A_bsc-dom-javaclay.EventTypeOuter/buggy,ClassManagerPropertyTest,after
312,/home/shaker/Desktop/mutants_io/mutated_projects/A_bsc-dom-javaclay.EventTypeOuter/buggy,ClassManagerPropertyTest,afterAll
313,/home/shaker/Desktop/mutants_io/mutated_projects/A_bsc-dom-javaclay.EventTypeOuter/buggy,ClassManagerPropertyTest,ClassManagerPropertyTest
314,/home/shaker/Desktop/mutants_io/mutated_projects/A_bsc-dom-javaclay.EventTypeOuter/buggy,ClassManagerPropertyTest,prepareParameters
315,/home/shaker/Desktop/mutants_io/mutated_projects/A_bsc-dom-javaclay.EventTypeOuter/buggy,ClassManagerPropertyTest,createMetaClass
316,/home/shaker/Desktop/mutants_io/mutated_projects/A_bsc-dom-javaclay.EventTypeOuter/buggy,ClassManagerPropertyTest,newProperty
317,/home/shaker/Desktop/mutants_io/mutated_projects/A_bsc-dom-javaclay.EventTypeOuter/buggy,ClassManagerPropertyTest,testNewProperty
318,/home/shaker/Desktop/mutants_io/mutated_projects/A_bsc-dom-javaclay.EventTypeOuter/buggy,ClassManagerPropertyTest,testGetPropertyID
319,/home/shaker/Desktop/mutants_io/mutated_projects/A_bsc-dom-javaclay.EventTypeOuter/buggy,ClassManagerPropertyTest,testNewPropertyAlreadyInClassException
320,/home/shaker/Desktop/mutants_io/mutated_projects/A_bsc-dom-javaclay.EventTypeOuter/buggy,ClassManagerPropertyTest,testGetPropertyIDNotExistException
321,/home/shaker/Desktop/mutants_io/mutated_projects/A_bsc-dom-javaclay.EventTypeOuter/buggy,EventTypeOuter_ESTest_A053_PL4RKJk4Tu2yb86J6OTpqg_EOTest,test1
322,/home/shaker/Desktop/mutants_io/mutated_projects/A_bsc-dom-javaclay.EventTypeOuter/buggy,EventTypeOuter_ESTest_A053_sf5ARI5RQiCwyaa1CZz7g_EOTest,test1
323,/home/shaker/Desktop/mutants_io/mutated_projects/A_bsc-dom-javaclay.EventTypeOuter/buggy,DataClayJavaCollectionTest,serializeAndDeserialize
324,/home/shaker/Desktop/mutants_io/mutated_projects/A_bsc-dom-javaclay.EventTypeOuter/buggy,DataClayJavaCollectionTest,testIntColl
325,/home/shaker/Desktop/mutants_io/mutated_projects/A_bsc-dom-javaclay.EventTypeOuter/buggy,DataClayJavaCollectionTest,testFloatColl
326,/home/shaker/Desktop/mutants_io/mutated_projects/A_bsc-dom-javaclay.EventTypeOuter/buggy,DataClayJavaCollectionTest,testDoubleColl
327,/home/shaker/Desktop/mutants_io/mutated_projects/A_bsc-dom-javaclay.EventTypeOuter/buggy,DataClayJavaCollectionTest,testBooleanColl
328,/home/shaker/Desktop/mutants_io/mutated_projects/A_bsc-dom-javaclay.EventTypeOuter/buggy,DataClayJavaCollectionTest,testShortColl
329,/home/shaker/Desktop/mutants_io/mutated_projects/A_bsc-dom-javaclay.EventTypeOuter/buggy,DataClayJavaCollectionTest,testLongColl
330,/home/shaker/Desktop/mutants_io/mutated_projects/A_bsc-dom-javaclay.EventTypeOuter/buggy,DataClayJavaCollectionTest,testCharColl
331,/home/shaker/Desktop/mutants_io/mutated_projects/A_bsc-dom-javaclay.EventTypeOuter/buggy,DataClayJavaCollectionTest,testByteColl
332,/home/shaker/Desktop/mutants_io/mutated_projects/A_bsc-dom-javaclay.EventTypeOuter/buggy,DataClayJavaCollectionTest,testBigColl
333,/home/shaker/Desktop/mutants_io/mutated_projects/A_bsc-dom-javaclay.EventTypeOuter/buggy,DataClayJavaCollectionTest,testCollOfColls
334,/home/shaker/Desktop/mutants_io/mutated_projects/A_bsc-dom-javaclay.EventTypeOuter/buggy,EventTypeOuter_ESTest_A053_mM8GvvVJQ6CSPZ20IJusug_EOTest,test1
335,/home/shaker/Desktop/mutants_io/mutated_projects/A_bsc-dom-javaclay.EventTypeOuter/buggy,ClassManagerByteCodeTest,after
336,/home/shaker/Desktop/mutants_io/mutated_projects/A_bsc-dom-javaclay.EventTypeOuter/buggy,ClassManagerByteCodeTest,before
337,/home/shaker/Desktop/mutants_io/mutated_projects/A_bsc-dom-javaclay.EventTypeOuter/buggy,ClassManagerByteCodeTest,compileAndSetClassLoader
338,/home/shaker/Desktop/mutants_io/mutated_projects/A_bsc-dom-javaclay.EventTypeOuter/buggy,ClassManagerByteCodeTest,getClassLoader
339,/home/shaker/Desktop/mutants_io/mutated_projects/A_bsc-dom-javaclay.EventTypeOuter/buggy,ClassManagerByteCodeTest,testAnalyzeClass
340,/home/shaker/Desktop/mutants_io/mutated_projects/A_bsc-dom-javaclay.EventTypeOuter/buggy,ClassManagerByteCodeTest,testAnalyzeClassDataClayCollections
341,/home/shaker/Desktop/mutants_io/mutated_projects/A_bsc-dom-javaclay.EventTypeOuter/buggy,ClassManagerByteCodeTest,testHeaderTransformer
342,/home/shaker/Desktop/mutants_io/mutated_projects/A_bsc-dom-javaclay.EventTypeOuter/buggy,ClassManagerByteCodeTest,testMergeEnrichment
343,/home/shaker/Desktop/mutants_io/mutated_projects/A_bsc-dom-javaclay.EventTypeOuter/buggy,ClassManagerByteCodeTest,testClasses
344,/home/shaker/Desktop/mutants_io/mutated_projects/A_bsc-dom-javaclay.EventTypeOuter/buggy,ClassManagerByteCodeTest,testClassesWithJVMVerifier
345,/home/shaker/Desktop/mutants_io/mutated_projects/A_bsc-dom-javaclay.EventTypeOuter/buggy,ClassManagerByteCodeTest,testGenerateStub
346,/home/shaker/Desktop/mutants_io/mutated_projects/A_bsc-dom-javaclay.EventTypeOuter/buggy,ClassManagerByteCodeTest,testGenerateExecClasses
347,/home/shaker/Desktop/mutants_io/mutated_projects/A_bsc-dom-javaclay.EventTypeOuter/buggy,ClassManagerByteCodeTest,testGenerateStubDataClayCollections
348,/home/shaker/Desktop/mutants_io/mutated_projects/A_bsc-dom-javaclay.EventTypeOuter/buggy,ClassManagerByteCodeTest,testGenerateExecClassesDataClayCollections
349,/home/shaker/Desktop/mutants_io/mutated_projects/A_bsc-dom-javaclay.EventTypeOuter/buggy,ClassManagerByteCodeTest,testAsmifier
350,/home/shaker/Desktop/mutants_io/mutated_projects/A_bsc-dom-javaclay.EventTypeOuter/buggy,DirectNettyBufferTest,testSerializeInt
351,/home/shaker/Desktop/mutants_io/mutated_projects/A_bsc-dom-javaclay.EventTypeOuter/buggy,DirectNettyBufferTest,testSerializeFloat
352,/home/shaker/Desktop/mutants_io/mutated_projects/A_bsc-dom-javaclay.EventTypeOuter/buggy,DirectNettyBufferTest,testSerializeLong
353,/home/shaker/Desktop/mutants_io/mutated_projects/A_bsc-dom-javaclay.EventTypeOuter/buggy,DirectNettyBufferTest,testSerializeShort
354,/home/shaker/Desktop/mutants_io/mutated_projects/A_bsc-dom-javaclay.EventTypeOuter/buggy,DirectNettyBufferTest,testSerializeBool
355,/home/shaker/Desktop/mutants_io/mutated_projects/A_bsc-dom-javaclay.EventTypeOuter/buggy,DirectNettyBufferTest,testSerializeByte
356,/home/shaker/Desktop/mutants_io/mutated_projects/A_bsc-dom-javaclay.EventTypeOuter/buggy,DirectNettyBufferTest,testSerializeChar
357,/home/shaker/Desktop/mutants_io/mutated_projects/A_bsc-dom-javaclay.EventTypeOuter/buggy,DirectNettyBufferTest,testSerializeString
358,/home/shaker/Desktop/mutants_io/mutated_projects/A_bsc-dom-javaclay.EventTypeOuter/buggy,DirectNettyBufferTest,testSerializeIntArray
359,/home/shaker/Desktop/mutants_io/mutated_projects/A_bsc-dom-javaclay.EventTypeOuter/buggy,DirectNettyBufferTest,testSerializeFloatArray
360,/home/shaker/Desktop/mutants_io/mutated_projects/A_bsc-dom-javaclay.EventTypeOuter/buggy,DirectNettyBufferTest,testSerializeLongArray
361,/home/shaker/Desktop/mutants_io/mutated_projects/A_bsc-dom-javaclay.EventTypeOuter/buggy,DirectNettyBufferTest,testSerializeShortArray
362,/home/shaker/Desktop/mutants_io/mutated_projects/A_bsc-dom-javaclay.EventTypeOuter/buggy,DirectNettyBufferTest,testSerializeBoolArray
363,/home/shaker/Desktop/mutants_io/mutated_projects/A_bsc-dom-javaclay.EventTypeOuter/buggy,DirectNettyBufferTest,testSerializeByteArray
364,/home/shaker/Desktop/mutants_io/mutated_projects/A_bsc-dom-javaclay.EventTypeOuter/buggy,DirectNettyBufferTest,testSerializeCharArray
365,/home/shaker/Desktop/mutants_io/mutated_projects/A_bsc-dom-javaclay.EventTypeOuter/buggy,DirectNettyBufferTest,testSerializeStringArray
366,/home/shaker/Desktop/mutants_io/mutated_projects/A_bsc-dom-javaclay.EventTypeOuter/buggy,DirectNettyBufferTest,testSerializeDouble
367,/home/shaker/Desktop/mutants_io/mutated_projects/A_bsc-dom-javaclay.EventTypeOuter/buggy,DirectNettyBufferTest,testIncreaseBufferSize
368,/home/shaker/Desktop/mutants_io/mutated_projects/A_bsc-dom-javaclay.EventTypeOuter/buggy,JavaBufferTest,testSerializeInt
369,/home/shaker/Desktop/mutants_io/mutated_projects/A_bsc-dom-javaclay.EventTypeOuter/buggy,JavaBufferTest,testSerializeFloat
370,/home/shaker/Desktop/mutants_io/mutated_projects/A_bsc-dom-javaclay.EventTypeOuter/buggy,JavaBufferTest,testSerializeLong
371,/home/shaker/Desktop/mutants_io/mutated_projects/A_bsc-dom-javaclay.EventTypeOuter/buggy,JavaBufferTest,testSerializeShort
372,/home/shaker/Desktop/mutants_io/mutated_projects/A_bsc-dom-javaclay.EventTypeOuter/buggy,JavaBufferTest,testSerializeBool
373,/home/shaker/Desktop/mutants_io/mutated_projects/A_bsc-dom-javaclay.EventTypeOuter/buggy,JavaBufferTest,testSerializeByte
374,/home/shaker/Desktop/mutants_io/mutated_projects/A_bsc-dom-javaclay.EventTypeOuter/buggy,JavaBufferTest,testSerializeChar
375,/home/shaker/Desktop/mutants_io/mutated_projects/A_bsc-dom-javaclay.EventTypeOuter/buggy,JavaBufferTest,testSerializeString
376,/home/shaker/Desktop/mutants_io/mutated_projects/A_bsc-dom-javaclay.EventTypeOuter/buggy,JavaBufferTest,testSerializeIntArray
377,/home/shaker/Desktop/mutants_io/mutated_projects/A_bsc-dom-javaclay.EventTypeOuter/buggy,JavaBufferTest,testSerializeFloatArray
378,/home/shaker/Desktop/mutants_io/mutated_projects/A_bsc-dom-javaclay.EventTypeOuter/buggy,JavaBufferTest,testSerializeLongArray
379,/home/shaker/Desktop/mutants_io/mutated_projects/A_bsc-dom-javaclay.EventTypeOuter/buggy,JavaBufferTest,testSerializeShortArray
380,/home/shaker/Desktop/mutants_io/mutated_projects/A_bsc-dom-javaclay.EventTypeOuter/buggy,JavaBufferTest,testSerializeBoolArray
381,/home/shaker/Desktop/mutants_io/mutated_projects/A_bsc-dom-javaclay.EventTypeOuter/buggy,JavaBufferTest,testSerializeByteArray
382,/home/shaker/Desktop/mutants_io/mutated_projects/A_bsc-dom-javaclay.EventTypeOuter/buggy,JavaBufferTest,testSerializeCharArray
383,/home/shaker/Desktop/mutants_io/mutated_projects/A_bsc-dom-javaclay.EventTypeOuter/buggy,JavaBufferTest,testSerializeStringArray
384,/home/shaker/Desktop/mutants_io/mutated_projects/A_bsc-dom-javaclay.EventTypeOuter/buggy,JavaBufferTest,testSerializeDouble
385,/home/shaker/Desktop/mutants_io/mutated_projects/A_bsc-dom-javaclay.EventTypeOuter/buggy,JavaBufferTest,testIncreaseBufferSize
386,/home/shaker/Desktop/mutants_io/mutated_projects/A_bsc-dom-javaclay.EventTypeOuter/buggy,EventTypeOuter_ESTest_A053_22f3efcc1fb8_EOTest,test1
387,/home/shaker/Desktop/mutants_io/mutated_projects/A_bsc-dom-javaclay.EventTypeOuter/buggy,SQLHandlerTest,initDBHandler
388,/home/shaker/Desktop/mutants_io/mutated_projects/A_bsc-dom-javaclay.EventTypeOuter/buggy,SQLHandlerTest,before
389,/home/shaker/Desktop/mutants_io/mutated_projects/A_bsc-dom-javaclay.EventTypeOuter/buggy,SQLHandlerTest,after
390,/home/shaker/Desktop/mutants_io/mutated_projects/A_bsc-dom-javaclay.EventTypeOuter/buggy,SQLHandlerTest,testStoreAndGet
391,/home/shaker/Desktop/mutants_io/mutated_projects/A_bsc-dom-javaclay.EventTypeOuter/buggy,SQLHandlerTest,testUpdate
392,/home/shaker/Desktop/mutants_io/mutated_projects/A_bsc-dom-javaclay.EventTypeOuter/buggy,SQLHandlerTest,testDelete
393,/home/shaker/Desktop/mutants_io/mutated_projects/A_bsc-dom-javaclay.EventTypeOuter/buggy,SQLHandlerTest,testGlobal
394,/home/shaker/Desktop/mutants_io/mutated_projects/A_bsc-dom-javaclay.EventTypeOuter/buggy,EventTypeOuter_ESTest_A053_5b5048f4d5e3_EOTest,test1
395,/home/shaker/Desktop/mutants_io/mutated_projects/A_bsc-dom-javaclay.EventTypeOuter/buggy,EventTypeOuter_ESTest,test0
396,/home/shaker/Desktop/mutants_io/mutated_projects/A_bsc-dom-javaclay.EventTypeOuter/buggy,EventTypeOuter_ESTest,test1
397,/home/shaker/Desktop/mutants_io/mutated_projects/A_bsc-dom-javaclay.EventTypeOuter/buggy,EventTypeOuter_ESTest,test2
398,/home/shaker/Desktop/mutants_io/mutated_projects/A_bsc-dom-javaclay.EventTypeOuter/buggy,EventTypeOuter_ESTest,test3
